state,county,population,start_year,start_month,prior_period_ipc_phase,prior_period_phase3plus_pct,prior_year_cereal_production_tonnes,prior_year_cereal_gap_tonnes
Abyei,Abyei,69160.0,2023,12,Crisis,49.2,12642.311151079137,-4404.321582733813
Abyei,Abyei,70246.0,2024,4,Crisis,30.4,12642.311151079137,-4404.321582733813
Abyei,Abyei,70246.0,2024,9,Crisis,55.5,12642.311151079137,-4404.321582733813
Central Equatoria,Juba,492966.0,2014,10,Stressed,15.0,19333.52631578948,-44684.97368421053
Central Equatoria,Juba,501659.0,2015,1,Stressed,10.1,19333.52631578948,-44684.97368421053
Central Equatoria,Juba,501659.0,2015,4,Stressed,15.0,19333.52631578948,-44684.97368421053
Central Equatoria,Juba,501659.0,2015,5,Stressed,15.0,19333.52631578948,-44684.97368421053
Central Equatoria,Juba,501659.0,2015,8,Stressed,15.0,19333.52631578948,-44684.97368421053
Central Equatoria,Juba,501659.0,2015,10,Stressed,15.0,19333.52631578948,-44684.97368421053
Central Equatoria,Juba,510352.0,2016,1,Stressed,10.0,14782.0,-55967.0
Central Equatoria,Juba,510352.0,2016,4,Stressed,5.1,14782.0,-55967.0
Central Equatoria,Juba,510352.0,2016,5,Stressed,15.1,14782.0,-55967.0
Central Equatoria,Juba,510352.0,2016,8,Stressed,15.1,14782.0,-55967.0
Central Equatoria,Juba,510352.0,2016,10,Crisis,25.1,14782.0,-55967.0
Central Equatoria,Juba,450985.0,2017,1,Crisis,20.0,18524.0,-58854.0
Central Equatoria,Juba,450985.0,2017,2,Crisis,23.9,18524.0,-58854.0
Central Equatoria,Juba,519046.0,2017,5,Crisis,30.2,18524.0,-58854.0
Central Equatoria,Juba,519046.0,2017,6,Crisis,35.1,18524.0,-58854.0
Central Equatoria,Juba,381092.0,2017,9,Crisis,40.1,18524.0,-58854.0
Central Equatoria,Juba,381092.0,2017,10,Crisis,49.9,18524.0,-58854.0
Central Equatoria,Juba,392525.0,2018,1,Crisis,29.9,14352.0,-40602.0
Central Equatoria,Juba,392525.0,2018,2,Crisis,45.1,14352.0,-40602.0
Central Equatoria,Juba,392525.0,2018,5,Crisis,55.0,14352.0,-40602.0
Central Equatoria,Juba,392525.0,2018,9,Crisis,60.1,14352.0,-40602.0
Central Equatoria,Juba,392525.0,2018,10,Crisis,50.2,14352.0,-40602.0
Central Equatoria,Juba,407323.0,2019,1,Crisis,30.1,11087.0,-45515.0
Central Equatoria,Juba,499538.0,2019,8,Crisis,25.0,11087.0,-45515.0
Central Equatoria,Juba,499538.0,2019,9,Crisis,25.0,11087.0,-45515.0
Central Equatoria,Juba,499538.0,2020,1,Crisis,20.0,18408.0,-40328.0
Central Equatoria,Juba,507180.0,2020,1,Crisis,40.0,18408.0,-40328.0
Central Equatoria,Juba,499538.0,2020,2,Crisis,19.9,18408.0,-40328.0
Central Equatoria,Juba,499538.0,2020,5,Crisis,45.0,18408.0,-40328.0
Central Equatoria,Juba,522707.0,2022,2,Crisis,50.0,18960.0,6605.0
Central Equatoria,Juba,522707.0,2022,4,Crisis,49.9,18960.0,6605.0
Central Equatoria,Juba,523700.0,2022,10,Crisis,59.9,18960.0,6605.0
Central Equatoria,Juba,523700.0,2022,12,Crisis,44.9,18960.0,6605.0
Central Equatoria,Juba,523700.0,2023,4,Crisis,34.9,20953.0,-43230.0
Central Equatoria,Juba,690920.0,2023,9,Crisis,55.0,20953.0,-43230.0
Central Equatoria,Juba,690920.0,2023,12,Crisis,50.1,20953.0,-43230.0
Central Equatoria,Juba,690920.0,2024,4,Crisis,30.0,29143.0,-70488.0
Central Equatoria,Juba,539411.0,2024,9,Crisis,55.0,29143.0,-70488.0
Central Equatoria,Juba,494684.0,2024,12,Crisis,50.1,29143.0,-70488.0
Central Equatoria,Juba,502326.0,2025,4,Crisis,45.1,27933.0,-49851.0
Central Equatoria,Kajo Keji,265385.0,2014,10,Minimal,0.0,22843.84210526316,1447.7105263157894
Central Equatoria,Kajo Keji,270234.0,2015,1,Minimal,0.0,22843.84210526316,1447.7105263157894
Central Equatoria,Kajo Keji,270234.0,2015,4,Minimal,5.2,22843.84210526316,1447.7105263157894
Central Equatoria,Kajo Keji,270234.0,2015,5,Minimal,1.1,22843.84210526316,1447.7105263157894
Central Equatoria,Kajo Keji,270234.0,2015,8,Minimal,5.2,22843.84210526316,1447.7105263157894
Central Equatoria,Kajo Keji,270234.0,2015,10,Stressed,5.2,22843.84210526316,1447.7105263157894
Central Equatoria,Kajo Keji,275083.0,2016,1,Minimal,0.0,52732.0,19290.0
Central Equatoria,Kajo Keji,275083.0,2016,4,Minimal,0.0,52732.0,19290.0
Central Equatoria,Kajo Keji,275083.0,2016,5,Stressed,14.9,52732.0,19290.0
Central Equatoria,Kajo Keji,275083.0,2016,8,Minimal,5.1,52732.0,19290.0
Central Equatoria,Kajo Keji,275083.0,2016,10,Stressed,14.9,52732.0,19290.0
Central Equatoria,Kajo Keji,243225.0,2017,1,Minimal,5.1,46518.0,13210.0
Central Equatoria,Kajo Keji,243225.0,2017,2,Stressed,17.7,46518.0,13210.0
Central Equatoria,Kajo Keji,279931.0,2017,5,Stressed,18.9,46518.0,13210.0
Central Equatoria,Kajo Keji,279931.0,2017,6,Crisis,50.0,46518.0,13210.0
Central Equatoria,Kajo Keji,110083.0,2017,9,Emergency,60.0,46518.0,13210.0
Central Equatoria,Kajo Keji,110083.0,2017,10,Emergency,65.4,46518.0,13210.0
Central Equatoria,Kajo Keji,105783.0,2018,1,Emergency,69.9,12041.0,-1565.0
Central Equatoria,Kajo Keji,105783.0,2018,2,Crisis,50.1,12041.0,-1565.0
Central Equatoria,Kajo Keji,105783.0,2018,5,Crisis,70.0,12041.0,-1565.0
Central Equatoria,Kajo Keji,105783.0,2018,9,Crisis,74.7,12041.0,-1565.0
Central Equatoria,Kajo Keji,105783.0,2018,10,Emergency,65.2,12041.0,-1565.0
Central Equatoria,Kajo Keji,109771.0,2019,1,Crisis,65.2,6872.0,-6203.0
Central Equatoria,Kajo Keji,221902.0,2019,8,Crisis,60.1,6872.0,-6203.0
Central Equatoria,Kajo Keji,221902.0,2019,9,Stressed,0.0,6872.0,-6203.0
Central Equatoria,Kajo Keji,221902.0,2020,1,Stressed,14.9,6418.0,-7150.0
Central Equatoria,Kajo Keji,225933.0,2020,1,Crisis,55.0,6418.0,-7150.0
Central Equatoria,Kajo Keji,221902.0,2020,2,Crisis,24.8,6418.0,-7150.0
Central Equatoria,Kajo Keji,221902.0,2020,5,Emergency,64.9,6418.0,-7150.0
Central Equatoria,Kajo Keji,232657.0,2022,2,Crisis,59.9,9727.0,-4667.0
Central Equatoria,Kajo Keji,232657.0,2022,4,Crisis,59.7,9727.0,-4667.0
Central Equatoria,Kajo Keji,233099.0,2022,10,Crisis,64.9,9727.0,-4667.0
Central Equatoria,Kajo Keji,233099.0,2022,12,Crisis,40.3,9727.0,-4667.0
Central Equatoria,Kajo Keji,233099.0,2023,4,Crisis,35.2,12508.0,-2318.0
Central Equatoria,Kajo Keji,86973.0,2023,9,Crisis,60.1,12508.0,-2318.0
Central Equatoria,Kajo Keji,86973.0,2023,12,Crisis,55.2,12508.0,-2318.0
Central Equatoria,Kajo Keji,86973.0,2024,4,Crisis,50.6,6746.0,-4004.0
Central Equatoria,Kajo Keji,240092.0,2024,9,Crisis,59.8,6746.0,-4004.0
Central Equatoria,Kajo Keji,260911.0,2024,12,Crisis,50.0,6746.0,-4004.0
Central Equatoria,Kajo Keji,264942.0,2025,4,Crisis,39.9,23313.0,-6363.0
Central Equatoria,Lainya,143180.0,2014,10,Minimal,0.0,8810.8,-5785.657142857143
Central Equatoria,Lainya,145797.0,2015,1,Minimal,0.0,8810.8,-5785.657142857143
Central Equatoria,Lainya,145797.0,2015,4,Minimal,4.8,8810.8,-5785.657142857143
Central Equatoria,Lainya,145797.0,2015,5,Minimal,4.8,8810.8,-5785.657142857143
Central Equatoria,Lainya,145797.0,2015,8,Minimal,4.8,8810.8,-5785.657142857143
Central Equatoria,Lainya,145797.0,2015,10,Stressed,15.1,8810.8,-5785.657142857143
Central Equatoria,Lainya,148413.0,2016,1,Minimal,0.0,25343.0,7406.0
Central Equatoria,Lainya,148413.0,2016,4,Minimal,0.0,25343.0,7406.0
Central Equatoria,Lainya,148413.0,2016,5,Stressed,14.8,25343.0,7406.0
Central Equatoria,Lainya,148413.0,2016,8,Stressed,14.8,25343.0,7406.0
Central Equatoria,Lainya,148413.0,2016,10,Emergency,80.2,25343.0,7406.0
Central Equatoria,Lainya,131225.0,2017,1,Emergency,80.2,9667.0,-8677.0
Central Equatoria,Lainya,131225.0,2017,2,Crisis,28.2,9667.0,-8677.0
Central Equatoria,Lainya,151029.0,2017,5,Crisis,29.7,9667.0,-8677.0
Central Equatoria,Lainya,151029.0,2017,6,Emergency,60.3,9667.0,-8677.0
Central Equatoria,Lainya,92545.0,2017,9,Crisis,55.0,9667.0,-8677.0
Central Equatoria,Lainya,92545.0,2017,10,Emergency,59.4,9667.0,-8677.0
Central Equatoria,Lainya,100263.0,2018,1,Emergency,64.8,4822.0,-6617.0
Central Equatoria,Lainya,100263.0,2018,2,Crisis,69.8,4822.0,-6617.0
Central Equatoria,Lainya,100263.0,2018,5,Crisis,69.8,4822.0,-6617.0
Central Equatoria,Lainya,110282.0,2019,8,Crisis,59.8,2411.0,-9982.0
Central Equatoria,Lainya,110282.0,2019,9,Crisis,35.4,2411.0,-9982.0
Central Equatoria,Lainya,110282.0,2020,1,Crisis,25.4,5337.0,-7523.0
Central Equatoria,Lainya,112115.0,2020,1,Crisis,45.3,5337.0,-7523.0
Central Equatoria,Lainya,110282.0,2020,2,Crisis,25.0,5337.0,-7523.0
Central Equatoria,Lainya,110282.0,2020,5,Crisis,49.9,5337.0,-7523.0
Central Equatoria,Lainya,113712.0,2022,2,Crisis,55.3,6421.0,-7222.0
Central Equatoria,Lainya,113712.0,2022,4,Crisis,55.4,6421.0,-7222.0
Central Equatoria,Lainya,113928.0,2022,10,Crisis,44.8,6421.0,-7222.0
Central Equatoria,Lainya,113928.0,2022,12,Crisis,35.1,6421.0,-7222.0
Central Equatoria,Lainya,113928.0,2023,4,Crisis,29.8,5468.0,-8584.0
Central Equatoria,Lainya,82153.0,2023,9,Crisis,40.4,5468.0,-8584.0
Central Equatoria,Lainya,82153.0,2023,12,Crisis,54.8,5468.0,-8584.0
Central Equatoria,Lainya,82153.0,2024,4,Crisis,49.9,3890.0,-6264.0
Central Equatoria,Lainya,117346.0,2024,9,Crisis,59.6,3890.0,-6264.0
Central Equatoria,Lainya,118639.0,2024,12,Crisis,55.4,3890.0,-6264.0
Central Equatoria,Lainya,120472.0,2025,4,Crisis,44.7,5909.0,-8595.0
Central Equatoria,Morobo,188324.0,2014,10,Minimal,0.0,17216.81818181818,-887.1515151515151
Central Equatoria,Morobo,191765.0,2015,1,Minimal,0.0,17216.81818181818,-887.1515151515151
Central Equatoria,Morobo,191765.0,2015,4,Minimal,5.2,17216.81818181818,-887.1515151515151
Central Equatoria,Morobo,191765.0,2015,5,Minimal,5.2,17216.81818181818,-887.1515151515151
Central Equatoria,Morobo,191765.0,2015,8,Minimal,5.2,17216.81818181818,-887.1515151515151
Central Equatoria,Morobo,191765.0,2015,10,Minimal,0.0,17216.81818181818,-887.1515151515151
Central Equatoria,Morobo,195205.0,2016,1,Minimal,0.0,51140.0,27193.0
Central Equatoria,Morobo,195205.0,2016,4,Minimal,0.0,51140.0,27193.0
Central Equatoria,Morobo,195205.0,2016,5,Minimal,5.1,51140.0,27193.0
Central Equatoria,Morobo,195205.0,2016,8,Minimal,5.1,51140.0,27193.0
Central Equatoria,Morobo,195205.0,2016,10,Stressed,14.9,51140.0,27193.0
Central Equatoria,Morobo,172598.0,2017,1,Minimal,5.1,12522.0,-11645.0
Central Equatoria,Morobo,172598.0,2017,2,Crisis,25.5,12522.0,-11645.0
Central Equatoria,Morobo,198646.0,2017,5,Crisis,26.1,12522.0,-11645.0
Central Equatoria,Morobo,198646.0,2017,6,Crisis,40.3,12522.0,-11645.0
Central Equatoria,Morobo,137869.0,2018,1,Emergency,50.3,7578.0,-10297.0
Central Equatoria,Morobo,137869.0,2018,2,Crisis,60.2,7578.0,-10297.0
Central Equatoria,Morobo,137869.0,2018,5,Crisis,60.2,7578.0,-10297.0
Central Equatoria,Morobo,104106.0,2019,8,Crisis,55.1,6773.0,-10268.0
Central Equatoria,Morobo,104106.0,2019,9,Crisis,25.0,6773.0,-10268.0
Central Equatoria,Morobo,104106.0,2020,1,Stressed,15.4,7419.0,-10264.0
Central Equatoria,Morobo,106232.0,2020,1,Crisis,29.8,7419.0,-10264.0
Central Equatoria,Morobo,104106.0,2020,2,Crisis,30.1,7419.0,-10264.0
Central Equatoria,Morobo,104106.0,2020,5,Crisis,34.6,7419.0,-10264.0
Central Equatoria,Morobo,116016.0,2022,2,Crisis,34.6,11334.0,-7426.0
Central Equatoria,Morobo,116016.0,2022,4,Crisis,44.8,11334.0,-7426.0
Central Equatoria,Morobo,116237.0,2022,10,Crisis,35.3,11334.0,-7426.0
Central Equatoria,Morobo,116237.0,2022,12,Crisis,30.1,11334.0,-7426.0
Central Equatoria,Morobo,116237.0,2023,4,Crisis,19.8,13691.0,-5632.0
Central Equatoria,Morobo,39642.0,2023,9,Crisis,35.3,13691.0,-5632.0
Central Equatoria,Morobo,39642.0,2023,12,Crisis,50.5,13691.0,-5632.0
Central Equatoria,Morobo,39642.0,2024,4,Crisis,40.4,5025.0,125.0
Central Equatoria,Morobo,119724.0,2024,9,Crisis,55.5,5025.0,125.0
Central Equatoria,Morobo,137618.0,2024,12,Crisis,45.1,5025.0,125.0
Central Equatoria,Morobo,139744.0,2025,4,Crisis,34.9,17253.0,2455.0
Central Equatoria,Terekeka,176029.0,2014,10,Stressed,10.2,11501.714285714286,-12708.342857142858
Central Equatoria,Terekeka,179245.0,2015,1,Stressed,5.1,11501.714285714286,-12708.342857142858
Central Equatoria,Terekeka,179245.0,2015,4,Stressed,15.1,11501.714285714286,-12708.342857142858
Central Equatoria,Terekeka,179245.0,2015,5,Stressed,15.1,11501.714285714286,-12708.342857142858
Central Equatoria,Terekeka,179245.0,2015,8,Stressed,15.1,11501.714285714286,-12708.342857142858
Central Equatoria,Terekeka,179245.0,2015,10,Stressed,15.1,11501.714285714286,-12708.342857142858
Central Equatoria,Terekeka,182461.0,2016,1,Minimal,5.0,10618.0,-12796.0
Central Equatoria,Terekeka,182461.0,2016,4,Stressed,9.9,10618.0,-12796.0
Central Equatoria,Terekeka,182461.0,2016,5,Stressed,14.8,10618.0,-12796.0
Central Equatoria,Terekeka,182461.0,2016,8,Stressed,14.8,10618.0,-12796.0
Central Equatoria,Terekeka,182461.0,2016,10,Stressed,14.8,10618.0,-12796.0
Central Equatoria,Terekeka,161330.0,2017,1,Minimal,4.9,13122.0,-9382.0
Central Equatoria,Terekeka,161330.0,2017,2,Stressed,14.9,13122.0,-9382.0
Central Equatoria,Terekeka,185677.0,2017,5,Stressed,18.0,13122.0,-9382.0
Central Equatoria,Terekeka,185677.0,2017,6,Stressed,15.1,13122.0,-9382.0
Central Equatoria,Terekeka,157562.0,2017,9,Stressed,10.2,13122.0,-9382.0
Central Equatoria,Terekeka,157562.0,2017,10,Crisis,29.8,13122.0,-9382.0
Central Equatoria,Terekeka,162289.0,2018,1,Stressed,15.2,12617.0,-6858.0
Central Equatoria,Terekeka,162289.0,2018,2,Crisis,59.8,12617.0,-6858.0
Central Equatoria,Terekeka,162289.0,2018,5,Crisis,59.8,12617.0,-6858.0
Central Equatoria,Terekeka,246483.0,2019,8,Crisis,69.6,7797.0,-12262.0
Central Equatoria,Terekeka,246483.0,2019,9,Crisis,45.0,7797.0,-12262.0
Central Equatoria,Terekeka,246483.0,2020,1,Crisis,34.9,15412.0,-5404.0
Central Equatoria,Terekeka,249364.0,2020,1,Crisis,24.7,15412.0,-5404.0
Central Equatoria,Terekeka,246483.0,2020,2,Crisis,39.7,15412.0,-5404.0
Central Equatoria,Terekeka,246483.0,2020,5,Crisis,30.0,15412.0,-5404.0
Central Equatoria,Terekeka,258398.0,2022,2,Crisis,40.2,12263.0,-9820.0
Central Equatoria,Terekeka,258398.0,2022,4,Crisis,60.0,12263.0,-9820.0
Central Equatoria,Terekeka,258889.0,2022,10,Emergency,70.0,12263.0,-9820.0
Central Equatoria,Terekeka,258889.0,2022,12,Crisis,40.2,12263.0,-9820.0
Central Equatoria,Terekeka,258889.0,2023,4,Crisis,50.2,16841.0,-5905.0
Central Equatoria,Terekeka,242991.0,2023,9,Crisis,59.9,16841.0,-5905.0
Central Equatoria,Terekeka,242991.0,2023,12,Crisis,44.9,16841.0,-5905.0
Central Equatoria,Terekeka,242991.0,2024,4,Crisis,30.0,5108.0,-24926.0
Central Equatoria,Terekeka,266656.0,2024,9,Crisis,44.9,5108.0,-24926.0
Central Equatoria,Terekeka,186491.0,2024,12,Crisis,44.6,5108.0,-24926.0
Central Equatoria,Terekeka,189372.0,2025,4,Crisis,35.4,7248.0,-25711.0
Central Equatoria,Yei,260724.0,2014,10,Minimal,0.0,28975.14285714286,509.8
Central Equatoria,Yei,265487.0,2015,1,Minimal,0.0,28975.14285714286,509.8
Central Equatoria,Yei,265487.0,2015,4,Minimal,4.9,28975.14285714286,509.8
Central Equatoria,Yei,265487.0,2015,5,Minimal,4.9,28975.14285714286,509.8
Central Equatoria,Yei,265487.0,2015,8,Minimal,4.9,28975.14285714286,509.8
Central Equatoria,Yei,265487.0,2015,10,Minimal,4.9,28975.14285714286,509.8
Central Equatoria,Yei,270251.0,2016,1,Minimal,0.0,62889.0,28775.0
Central Equatoria,Yei,270251.0,2016,4,Minimal,5.2,62889.0,28775.0
Central Equatoria,Yei,270251.0,2016,5,Minimal,5.2,62889.0,28775.0
Central Equatoria,Yei,270251.0,2016,8,Minimal,5.2,62889.0,28775.0
Central Equatoria,Yei,270251.0,2016,10,Stressed,15.2,62889.0,28775.0
Central Equatoria,Yei,238951.0,2017,1,Minimal,5.2,19879.0,-13729.0
Central Equatoria,Yei,238951.0,2017,2,Crisis,35.2,19879.0,-13729.0
Central Equatoria,Yei,275013.0,2017,5,Crisis,36.8,19879.0,-13729.0
Central Equatoria,Yei,275013.0,2017,6,Crisis,35.3,19879.0,-13729.0
Central Equatoria,Yei,156760.0,2017,9,Crisis,45.1,19879.0,-13729.0
Central Equatoria,Yei,156760.0,2017,10,Emergency,69.5,19879.0,-13729.0
Central Equatoria,Yei,161463.0,2018,1,Emergency,74.6,10943.0,-9240.0
Central Equatoria,Yei,161463.0,2018,2,Crisis,45.2,10943.0,-9240.0
Central Equatoria,Yei,161463.0,2018,5,Crisis,60.1,10943.0,-9240.0
Central Equatoria,Yei,271197.0,2019,8,Crisis,70.0,13972.0,-6816.0
Central Equatoria,Yei,271197.0,2019,9,Crisis,19.9,13972.0,-6816.0
Central Equatoria,Yei,271197.0,2020,1,Crisis,19.9,15352.0,-6220.0
Central Equatoria,Yei,275330.0,2020,1,Crisis,45.0,15352.0,-6220.0
Central Equatoria,Yei,271197.0,2020,2,Crisis,25.1,15352.0,-6220.0
Central Equatoria,Yei,271197.0,2020,5,Crisis,50.1,15352.0,-6220.0
Central Equatoria,Yei,302189.0,2022,2,Crisis,45.0,19454.0,-3432.0
Central Equatoria,Yei,302189.0,2022,4,Crisis,45.0,19454.0,-3432.0
Central Equatoria,Yei,302763.0,2022,10,Crisis,35.1,19454.0,-3432.0
Central Equatoria,Yei,302763.0,2022,12,Crisis,35.0,19454.0,-3432.0
Central Equatoria,Yei,302763.0,2023,4,Crisis,30.1,21568.0,-2004.0
Central Equatoria,Yei,181841.0,2023,9,Crisis,44.9,21568.0,-2004.0
Central Equatoria,Yei,181841.0,2023,12,Crisis,29.7,21568.0,-2004.0
Central Equatoria,Yei,181841.0,2024,4,Crisis,29.7,26182.0,2770.0
Central Equatoria,Yei,311846.0,2024,9,Crisis,40.1,26182.0,2770.0
Central Equatoria,Yei,267581.0,2024,12,Crisis,45.2,26182.0,2770.0
Central Equatoria,Yei,271714.0,2025,4,Crisis,29.9,45420.0,5270.0
Eastern Equatoria,Budi,112513.0,2014,10,Minimal,5.3,17338.157894736843,4555.6578947368425
Eastern Equatoria,Budi,114569.0,2015,1,Minimal,0.0,17338.157894736843,4555.6578947368425
Eastern Equatoria,Budi,114569.0,2015,4,Stressed,5.2,17338.157894736843,4555.6578947368425
Eastern Equatoria,Budi,114569.0,2015,5,Stressed,9.6,17338.157894736843,4555.6578947368425
Eastern Equatoria,Budi,114569.0,2015,8,Stressed,9.6,17338.157894736843,4555.6578947368425
Eastern Equatoria,Budi,114569.0,2015,10,Stressed,14.8,17338.157894736843,4555.6578947368425
Eastern Equatoria,Budi,116625.0,2016,1,Stressed,14.8,16419.0,2527.0
Eastern Equatoria,Budi,116625.0,2016,4,Stressed,14.6,16419.0,2527.0
Eastern Equatoria,Budi,116625.0,2016,5,Crisis,24.9,16419.0,2527.0
Eastern Equatoria,Budi,116625.0,2016,8,Crisis,45.4,16419.0,2527.0
Eastern Equatoria,Budi,116625.0,2016,10,Stressed,14.6,16419.0,2527.0
Eastern Equatoria,Budi,103118.0,2017,1,Stressed,5.1,15258.0,1589.0
Eastern Equatoria,Budi,103118.0,2017,2,Stressed,9.7,15258.0,1589.0
Eastern Equatoria,Budi,118680.0,2017,5,Crisis,19.4,15258.0,1589.0
Eastern Equatoria,Budi,118680.0,2017,6,Crisis,35.4,15258.0,1589.0
Eastern Equatoria,Budi,90800.0,2017,9,Crisis,30.3,15258.0,1589.0
Eastern Equatoria,Budi,90800.0,2017,10,Emergency,59.5,15258.0,1589.0
Eastern Equatoria,Budi,93524.0,2018,1,Crisis,55.1,13781.0,2558.0
Eastern Equatoria,Budi,93524.0,2018,2,Stressed,15.0,13781.0,2558.0
Eastern Equatoria,Budi,93524.0,2018,5,Crisis,25.7,13781.0,2558.0
Eastern Equatoria,Budi,93524.0,2018,9,Crisis,44.9,13781.0,2558.0
Eastern Equatoria,Budi,93524.0,2018,10,Emergency,55.6,13781.0,2558.0
Eastern Equatoria,Budi,97050.0,2019,1,Crisis,44.9,13441.0,1881.0
Eastern Equatoria,Budi,99242.0,2019,8,Crisis,35.0,13441.0,1881.0
Eastern Equatoria,Budi,99242.0,2019,9,Emergency,80.6,13441.0,1881.0
Eastern Equatoria,Budi,99242.0,2020,1,Crisis,70.5,18132.0,6137.0
Eastern Equatoria,Budi,101278.0,2020,1,Crisis,35.3,18132.0,6137.0
Eastern Equatoria,Budi,99242.0,2020,2,Emergency,80.0,18132.0,6137.0
Eastern Equatoria,Budi,99242.0,2020,5,Crisis,40.3,18132.0,6137.0
Eastern Equatoria,Budi,104787.0,2022,2,Crisis,45.3,17757.0,5031.0
Eastern Equatoria,Budi,104787.0,2022,4,Crisis,50.6,17757.0,5031.0
Eastern Equatoria,Budi,104986.0,2022,10,Crisis,39.1,17757.0,5031.0
Eastern Equatoria,Budi,104986.0,2022,12,Crisis,55.2,17757.0,5031.0
Eastern Equatoria,Budi,104986.0,2023,4,Crisis,55.2,19814.0,6706.0
Eastern Equatoria,Budi,101473.0,2023,9,Emergency,64.8,19814.0,6706.0
Eastern Equatoria,Budi,101473.0,2023,12,Crisis,44.3,19814.0,6706.0
Eastern Equatoria,Budi,101473.0,2024,4,Crisis,45.3,19985.0,7443.0
Eastern Equatoria,Budi,108136.0,2024,9,Emergency,55.2,19985.0,7443.0
Eastern Equatoria,Budi,131768.0,2024,12,Crisis,35.1,19985.0,7443.0
Eastern Equatoria,Budi,133804.0,2025,4,Emergency,50.1,22628.0,9262.0
Eastern Equatoria,Ikotos,127233.0,2014,10,Minimal,4.7,19551.13157894737,3837.447368421053
Eastern Equatoria,Ikotos,129557.0,2015,1,Minimal,4.7,19551.13157894737,3837.447368421053
Eastern Equatoria,Ikotos,129557.0,2015,4,Minimal,4.6,19551.13157894737,3837.447368421053
Eastern Equatoria,Ikotos,129557.0,2015,5,Stressed,3.1,19551.13157894737,3837.447368421053
Eastern Equatoria,Ikotos,129557.0,2015,8,Stressed,3.1,19551.13157894737,3837.447368421053
Eastern Equatoria,Ikotos,129557.0,2015,10,Stressed,16.2,19551.13157894737,3837.447368421053
Eastern Equatoria,Ikotos,131882.0,2016,1,Stressed,13.9,21114.0,4186.0
Eastern Equatoria,Ikotos,131882.0,2016,4,Stressed,19.0,21114.0,4186.0
Eastern Equatoria,Ikotos,131882.0,2016,5,Crisis,29.6,21114.0,4186.0
Eastern Equatoria,Ikotos,131882.0,2016,8,Crisis,25.0,21114.0,4186.0
Eastern Equatoria,Ikotos,131882.0,2016,10,Crisis,35.6,21114.0,4186.0
Eastern Equatoria,Ikotos,116608.0,2017,1,Crisis,25.0,19933.0,2953.0
Eastern Equatoria,Ikotos,116608.0,2017,2,Crisis,40.3,19933.0,2953.0
Eastern Equatoria,Ikotos,134206.0,2017,5,Crisis,36.9,19933.0,2953.0
Eastern Equatoria,Ikotos,134206.0,2017,6,Crisis,39.5,19933.0,2953.0
Eastern Equatoria,Ikotos,119949.0,2017,9,Crisis,30.6,19933.0,2953.0
Eastern Equatoria,Ikotos,119949.0,2017,10,Emergency,60.0,19933.0,2953.0
Eastern Equatoria,Ikotos,123547.0,2018,1,Crisis,60.0,19778.0,4335.0
Eastern Equatoria,Ikotos,123547.0,2018,2,Stressed,15.4,19778.0,4335.0
Eastern Equatoria,Ikotos,123547.0,2018,5,Crisis,25.1,19778.0,4335.0
Eastern Equatoria,Ikotos,123547.0,2018,9,Stressed,14.6,19778.0,4335.0
Eastern Equatoria,Ikotos,123547.0,2018,10,Crisis,44.5,19778.0,4335.0
Eastern Equatoria,Ikotos,128205.0,2019,1,Crisis,20.2,16976.0,1069.0
Eastern Equatoria,Ikotos,101982.0,2019,8,Stressed,14.8,16976.0,1069.0
Eastern Equatoria,Ikotos,101982.0,2019,9,Crisis,30.4,16976.0,1069.0
Eastern Equatoria,Ikotos,101982.0,2020,1,Stressed,14.7,21139.0,4633.0
Eastern Equatoria,Ikotos,103719.0,2020,1,Stressed,14.7,21139.0,4633.0
Eastern Equatoria,Ikotos,101982.0,2020,2,Crisis,29.9,21139.0,4633.0
Eastern Equatoria,Ikotos,101982.0,2020,5,Crisis,24.5,21139.0,4633.0
Eastern Equatoria,Ikotos,106843.0,2022,2,Crisis,29.4,20515.0,3003.0
Eastern Equatoria,Ikotos,106843.0,2022,4,Crisis,55.2,20515.0,3003.0
Eastern Equatoria,Ikotos,107047.0,2022,10,Crisis,44.9,20515.0,3003.0
Eastern Equatoria,Ikotos,107047.0,2022,12,Crisis,49.5,20515.0,3003.0
Eastern Equatoria,Ikotos,107047.0,2023,4,Crisis,44.8,23099.0,5062.0
Eastern Equatoria,Ikotos,61229.0,2023,9,Emergency,49.5,23099.0,5062.0
Eastern Equatoria,Ikotos,61229.0,2023,12,Crisis,39.2,23099.0,5062.0
Eastern Equatoria,Ikotos,61229.0,2024,4,Crisis,29.4,10555.0,2672.0
Eastern Equatoria,Ikotos,110258.0,2024,9,Crisis,44.1,10555.0,2672.0
Eastern Equatoria,Ikotos,112441.0,2024,12,Crisis,43.5,10555.0,2672.0
Eastern Equatoria,Ikotos,114178.0,2025,4,Crisis,35.6,19481.0,5285.0
Eastern Equatoria,Kapoeta East,185117.0,2014,10,Stressed,10.3,7202.894736842105,-17028.763157894737
Eastern Equatoria,Kapoeta East,188500.0,2015,1,Stressed,4.9,7202.894736842105,-17028.763157894737
Eastern Equatoria,Kapoeta East,188500.0,2015,4,Stressed,10.1,7202.894736842105,-17028.763157894737
Eastern Equatoria,Kapoeta East,188500.0,2015,5,Stressed,14.9,7202.894736842105,-17028.763157894737
Eastern Equatoria,Kapoeta East,188500.0,2015,8,Crisis,20.2,7202.894736842105,-17028.763157894737
Eastern Equatoria,Kapoeta East,188500.0,2015,10,Stressed,14.9,7202.894736842105,-17028.763157894737
Eastern Equatoria,Kapoeta East,191882.0,2016,1,Stressed,14.9,5602.0,-18243.0
Eastern Equatoria,Kapoeta East,191882.0,2016,4,Crisis,25.0,5602.0,-18243.0
Eastern Equatoria,Kapoeta East,191882.0,2016,5,Crisis,45.3,5602.0,-18243.0
Eastern Equatoria,Kapoeta East,191882.0,2016,8,Crisis,34.9,5602.0,-18243.0
Eastern Equatoria,Kapoeta East,191882.0,2016,10,Crisis,30.2,5602.0,-18243.0
Eastern Equatoria,Kapoeta East,169660.0,2017,1,Crisis,19.8,8664.0,-15923.0
Eastern Equatoria,Kapoeta East,169660.0,2017,2,Crisis,44.8,8664.0,-15923.0
Eastern Equatoria,Kapoeta East,195264.0,2017,5,Crisis,60.1,8664.0,-15923.0
Eastern Equatoria,Kapoeta East,195264.0,2017,6,Crisis,65.0,8664.0,-15923.0
Eastern Equatoria,Kapoeta East,158627.0,2017,9,Crisis,50.2,8664.0,-15923.0
Eastern Equatoria,Kapoeta East,158627.0,2017,10,Emergency,80.1,8664.0,-15923.0
Eastern Equatoria,Kapoeta East,163386.0,2018,1,Emergency,64.9,6028.0,-14395.0
Eastern Equatoria,Kapoeta East,163386.0,2018,2,Emergency,69.8,6028.0,-14395.0
Eastern Equatoria,Kapoeta East,163386.0,2018,5,Emergency,74.7,6028.0,-14395.0
Eastern Equatoria,Kapoeta East,163386.0,2018,9,Emergency,74.7,6028.0,-14395.0
Eastern Equatoria,Kapoeta East,163386.0,2018,10,Crisis,55.1,6028.0,-14395.0
Eastern Equatoria,Kapoeta East,169545.0,2019,1,Crisis,55.1,5068.0,-15968.0
Eastern Equatoria,Kapoeta East,161014.0,2019,8,Crisis,60.2,5068.0,-15968.0
Eastern Equatoria,Kapoeta East,161014.0,2019,9,Emergency,69.6,5068.0,-15968.0
Eastern Equatoria,Kapoeta East,161014.0,2020,1,Crisis,49.7,10519.0,-11310.0
Eastern Equatoria,Kapoeta East,164380.0,2020,1,Crisis,44.7,10519.0,-11310.0
Eastern Equatoria,Kapoeta East,161014.0,2020,2,Crisis,65.1,10519.0,-11310.0
Eastern Equatoria,Kapoeta East,161014.0,2020,5,Crisis,54.7,10519.0,-11310.0
Eastern Equatoria,Kapoeta East,169656.0,2022,2,Crisis,54.7,8300.0,-14859.0
Eastern Equatoria,Kapoeta East,169656.0,2022,4,Emergency,59.5,8300.0,-14859.0
Eastern Equatoria,Kapoeta East,169978.0,2022,10,Emergency,64.8,8300.0,-14859.0
Eastern Equatoria,Kapoeta East,169978.0,2022,12,Emergency,54.7,8300.0,-14859.0
Eastern Equatoria,Kapoeta East,169978.0,2023,4,Emergency,64.7,9024.0,-14829.0
Eastern Equatoria,Kapoeta East,319113.0,2023,9,Emergency,69.4,9024.0,-14829.0
Eastern Equatoria,Kapoeta East,319113.0,2023,12,Crisis,40.1,9024.0,-14829.0
Eastern Equatoria,Kapoeta East,319113.0,2024,4,Crisis,30.1,7260.0,-33826.0
Eastern Equatoria,Kapoeta East,175078.0,2024,9,Emergency,45.1,7260.0,-33826.0
Eastern Equatoria,Kapoeta East,217840.0,2024,12,Crisis,49.7,7260.0,-33826.0
Eastern Equatoria,Kapoeta East,221206.0,2025,4,Emergency,60.1,4540.0,-18002.0
Eastern Equatoria,Kapoeta North,115934.0,2014,10,Stressed,10.4,5038.578947368421,-10117.447368421052
Eastern Equatoria,Kapoeta North,118052.0,2015,1,Stressed,5.2,5038.578947368421,-10117.447368421052
Eastern Equatoria,Kapoeta North,118052.0,2015,4,Stressed,10.2,5038.578947368421,-10117.447368421052
Eastern Equatoria,Kapoeta North,118052.0,2015,5,Stressed,10.2,5038.578947368421,-10117.447368421052
Eastern Equatoria,Kapoeta North,118052.0,2015,8,Crisis,25.4,5038.578947368421,-10117.447368421052
Eastern Equatoria,Kapoeta North,118052.0,2015,10,Stressed,15.2,5038.578947368421,-10117.447368421052
Eastern Equatoria,Kapoeta North,120170.0,2016,1,Stressed,15.2,4999.0,-9718.0
Eastern Equatoria,Kapoeta North,120170.0,2016,4,Crisis,25.0,4999.0,-9718.0
Eastern Equatoria,Kapoeta North,120170.0,2016,5,Crisis,44.9,4999.0,-9718.0
Eastern Equatoria,Kapoeta North,120170.0,2016,8,Crisis,35.0,4999.0,-9718.0
Eastern Equatoria,Kapoeta North,120170.0,2016,10,Crisis,25.0,4999.0,-9718.0
Eastern Equatoria,Kapoeta North,106254.0,2017,1,Stressed,15.0,5840.0,-9632.0
Eastern Equatoria,Kapoeta North,106254.0,2017,2,Crisis,25.4,5840.0,-9632.0
Eastern Equatoria,Kapoeta North,122289.0,2017,5,Crisis,39.5,5840.0,-9632.0
Eastern Equatoria,Kapoeta North,122289.0,2017,6,Crisis,40.1,5840.0,-9632.0
Eastern Equatoria,Kapoeta North,100493.0,2017,9,Crisis,30.3,5840.0,-9632.0
Eastern Equatoria,Kapoeta North,100493.0,2017,10,Emergency,74.6,5840.0,-9632.0
Eastern Equatoria,Kapoeta North,103508.0,2018,1,Emergency,54.7,4186.0,-8753.0
Eastern Equatoria,Kapoeta North,103508.0,2018,2,Crisis,60.9,4186.0,-8753.0
Eastern Equatoria,Kapoeta North,103508.0,2018,5,Crisis,65.7,4186.0,-8753.0
Eastern Equatoria,Kapoeta North,103508.0,2018,9,Emergency,75.4,4186.0,-8753.0
Eastern Equatoria,Kapoeta North,103508.0,2018,10,Crisis,55.1,4186.0,-8753.0
Eastern Equatoria,Kapoeta North,107410.0,2019,1,Crisis,55.1,5174.0,-8153.0
Eastern Equatoria,Kapoeta North,152352.0,2019,8,Crisis,65.2,5174.0,-8153.0
Eastern Equatoria,Kapoeta North,152352.0,2019,9,Emergency,75.5,5174.0,-8153.0
Eastern Equatoria,Kapoeta North,152352.0,2020,1,Crisis,49.9,5965.0,-7864.0
Eastern Equatoria,Kapoeta North,154467.0,2020,1,Emergency,44.6,5965.0,-7864.0
Eastern Equatoria,Kapoeta North,152352.0,2020,2,Emergency,65.4,5965.0,-7864.0
Eastern Equatoria,Kapoeta North,152352.0,2020,5,Emergency,54.5,5965.0,-7864.0
Eastern Equatoria,Kapoeta North,157137.0,2022,2,Crisis,49.9,6328.0,-8344.0
Eastern Equatoria,Kapoeta North,157137.0,2022,4,Emergency,54.7,6328.0,-8344.0
Eastern Equatoria,Kapoeta North,157435.0,2022,10,Emergency,64.9,6328.0,-8344.0
Eastern Equatoria,Kapoeta North,157435.0,2022,12,Crisis,50.2,6328.0,-8344.0
Eastern Equatoria,Kapoeta North,157435.0,2023,4,Emergency,54.6,6926.0,-8186.0
Eastern Equatoria,Kapoeta North,103176.0,2023,9,Emergency,59.7,6926.0,-8186.0
Eastern Equatoria,Kapoeta North,103176.0,2023,12,Crisis,44.6,6926.0,-8186.0
Eastern Equatoria,Kapoeta North,103176.0,2024,4,Crisis,39.7,2364.0,-10920.0
Eastern Equatoria,Kapoeta North,162158.0,2024,9,Emergency,64.9,2364.0,-10920.0
Eastern Equatoria,Kapoeta North,136929.0,2024,12,Crisis,40.1,2364.0,-10920.0
Eastern Equatoria,Kapoeta North,139044.0,2025,4,Emergency,54.8,3377.0,-17501.0
Eastern Equatoria,Kapoeta South,91158.0,2014,10,Stressed,5.5,2826.0789473684213,-8108.342105263157
Eastern Equatoria,Kapoeta South,92823.0,2015,1,Stressed,5.5,2826.0789473684213,-8108.342105263157
Eastern Equatoria,Kapoeta South,92823.0,2015,4,Stressed,9.7,2826.0789473684213,-8108.342105263157
Eastern Equatoria,Kapoeta South,92823.0,2015,5,Stressed,0.0,2826.0789473684213,-8108.342105263157
Eastern Equatoria,Kapoeta South,92823.0,2015,8,Stressed,5.4,2826.0789473684213,-8108.342105263157
Eastern Equatoria,Kapoeta South,92823.0,2015,10,Stressed,15.1,2826.0789473684213,-8108.342105263157
Eastern Equatoria,Kapoeta South,94489.0,2016,1,Stressed,15.1,3081.0,-9173.0
Eastern Equatoria,Kapoeta South,94489.0,2016,4,Crisis,25.4,3081.0,-9173.0
Eastern Equatoria,Kapoeta South,94489.0,2016,5,Crisis,39.2,3081.0,-9173.0
Eastern Equatoria,Kapoeta South,94489.0,2016,8,Crisis,30.7,3081.0,-9173.0
Eastern Equatoria,Kapoeta South,94489.0,2016,10,Crisis,25.4,3081.0,-9173.0
Eastern Equatoria,Kapoeta South,83547.0,2017,1,Stressed,14.8,2462.0,-10190.0
Eastern Equatoria,Kapoeta South,83547.0,2017,2,Crisis,40.7,2462.0,-10190.0
Eastern Equatoria,Kapoeta South,96155.0,2017,5,Crisis,46.7,2462.0,-10190.0
Eastern Equatoria,Kapoeta South,96155.0,2017,6,Crisis,49.9,2462.0,-10190.0
Eastern Equatoria,Kapoeta South,65734.0,2017,9,Crisis,40.6,2462.0,-10190.0
Eastern Equatoria,Kapoeta South,65734.0,2017,10,Emergency,54.8,2462.0,-10190.0
Eastern Equatoria,Kapoeta South,67706.0,2018,1,Crisis,54.8,1844.0,-6958.0
Eastern Equatoria,Kapoeta South,67706.0,2018,2,Crisis,59.1,1844.0,-6958.0
Eastern Equatoria,Kapoeta South,67706.0,2018,5,Crisis,66.5,1844.0,-6958.0
Eastern Equatoria,Kapoeta South,67706.0,2018,9,Crisis,59.1,1844.0,-6958.0
Eastern Equatoria,Kapoeta South,67706.0,2018,10,Crisis,54.6,1844.0,-6958.0
Eastern Equatoria,Kapoeta South,70259.0,2019,1,Crisis,54.6,2374.0,-6692.0
Eastern Equatoria,Kapoeta South,96033.0,2019,8,Crisis,55.5,2374.0,-6692.0
Eastern Equatoria,Kapoeta South,96033.0,2019,9,Crisis,65.6,2374.0,-6692.0
Eastern Equatoria,Kapoeta South,96033.0,2020,1,Crisis,44.8,4224.0,-5184.0
Eastern Equatoria,Kapoeta South,97664.0,2020,1,Crisis,44.8,4224.0,-5184.0
Eastern Equatoria,Kapoeta South,96033.0,2020,2,Crisis,60.4,4224.0,-5184.0
Eastern Equatoria,Kapoeta South,96033.0,2020,5,Emergency,55.2,4224.0,-5184.0
Eastern Equatoria,Kapoeta South,102232.0,2022,2,Crisis,50.0,2977.0,-7003.0
Eastern Equatoria,Kapoeta South,102232.0,2022,4,Crisis,45.0,2977.0,-7003.0
Eastern Equatoria,Kapoeta South,102427.0,2022,10,Crisis,49.9,2977.0,-7003.0
Eastern Equatoria,Kapoeta South,102427.0,2022,12,Crisis,44.9,2977.0,-7003.0
Eastern Equatoria,Kapoeta South,102427.0,2023,4,Crisis,54.7,3167.0,-7113.0
Eastern Equatoria,Kapoeta South,67827.0,2023,9,Emergency,59.6,3167.0,-7113.0
Eastern Equatoria,Kapoeta South,67827.0,2023,12,Crisis,25.1,3167.0,-7113.0
Eastern Equatoria,Kapoeta South,67827.0,2024,4,Crisis,20.6,2294.0,-6788.0
Eastern Equatoria,Kapoeta South,105499.0,2024,9,Crisis,25.1,2294.0,-6788.0
Eastern Equatoria,Kapoeta South,105562.0,2024,12,Crisis,35.1,2294.0,-6788.0
Eastern Equatoria,Kapoeta South,107192.0,2025,4,Crisis,45.5,3067.0,-11059.0
Eastern Equatoria,Lafon,130960.0,2014,10,Stressed,5.3,11369.342105263158,-3370.5789473684213
Eastern Equatoria,Lafon,133352.0,2015,1,Stressed,5.3,11369.342105263158,-3370.5789473684213
Eastern Equatoria,Lafon,133352.0,2015,4,Stressed,15.0,11369.342105263158,-3370.5789473684213
Eastern Equatoria,Lafon,133352.0,2015,5,Crisis,20.2,11369.342105263158,-3370.5789473684213
Eastern Equatoria,Lafon,133352.0,2015,8,Crisis,35.2,11369.342105263158,-3370.5789473684213
Eastern Equatoria,Lafon,133352.0,2015,10,Crisis,40.5,11369.342105263158,-3370.5789473684213
Eastern Equatoria,Lafon,135744.0,2016,1,Crisis,35.2,10914.0,-4205.0
Eastern Equatoria,Lafon,135744.0,2016,4,Crisis,44.9,10914.0,-4205.0
Eastern Equatoria,Lafon,135744.0,2016,5,Crisis,54.5,10914.0,-4205.0
Eastern Equatoria,Lafon,135744.0,2016,8,Crisis,50.1,10914.0,-4205.0
Eastern Equatoria,Lafon,135744.0,2016,10,Crisis,25.0,10914.0,-4205.0
Eastern Equatoria,Lafon,120024.0,2017,1,Stressed,14.7,14804.0,-1974.0
Eastern Equatoria,Lafon,120024.0,2017,2,Crisis,40.0,14804.0,-1974.0
Eastern Equatoria,Lafon,138137.0,2017,5,Crisis,55.0,14804.0,-1974.0
Eastern Equatoria,Lafon,138137.0,2017,6,Crisis,44.9,14804.0,-1974.0
Eastern Equatoria,Lafon,99528.0,2017,9,Crisis,65.2,14804.0,-1974.0
Eastern Equatoria,Lafon,99528.0,2017,10,Crisis,55.3,14804.0,-1974.0
Eastern Equatoria,Lafon,102514.0,2018,1,Crisis,50.2,10854.0,-1448.0
Eastern Equatoria,Lafon,102514.0,2018,2,Stressed,14.6,10854.0,-1448.0
Eastern Equatoria,Lafon,102514.0,2018,5,Crisis,19.5,10854.0,-1448.0
Eastern Equatoria,Lafon,102514.0,2018,9,Crisis,35.1,10854.0,-1448.0
Eastern Equatoria,Lafon,102514.0,2018,10,Crisis,40.0,10854.0,-1448.0
Eastern Equatoria,Lafon,106379.0,2019,1,Crisis,70.2,11180.0,-1491.0
Eastern Equatoria,Lafon,149788.0,2019,8,Crisis,54.5,11180.0,-1491.0
Eastern Equatoria,Lafon,149788.0,2019,9,Crisis,44.7,11180.0,-1491.0
Eastern Equatoria,Lafon,149788.0,2020,1,Crisis,30.0,12656.0,-493.0
Eastern Equatoria,Lafon,151966.0,2020,1,Crisis,39.4,12656.0,-493.0
Eastern Equatoria,Lafon,149788.0,2020,2,Crisis,19.7,12656.0,-493.0
Eastern Equatoria,Lafon,149788.0,2020,5,Crisis,54.7,12656.0,-493.0
Eastern Equatoria,Lafon,156853.0,2022,2,Crisis,44.7,11189.0,-2761.0
Eastern Equatoria,Lafon,156853.0,2022,4,Crisis,45.3,11189.0,-2761.0
Eastern Equatoria,Lafon,157151.0,2022,10,Crisis,60.6,11189.0,-2761.0
Eastern Equatoria,Lafon,157151.0,2022,12,Crisis,45.2,11189.0,-2761.0
Eastern Equatoria,Lafon,157151.0,2023,4,Crisis,40.1,10372.0,-3996.0
Eastern Equatoria,Lafon,85210.0,2023,9,Crisis,45.2,10372.0,-3996.0
Eastern Equatoria,Lafon,85210.0,2023,12,Emergency,55.2,10372.0,-3996.0
Eastern Equatoria,Lafon,85210.0,2024,4,Emergency,59.9,4278.0,-6254.0
Eastern Equatoria,Lafon,161866.0,2024,9,Emergency,64.5,4278.0,-6254.0
Eastern Equatoria,Lafon,141016.0,2024,12,Crisis,34.0,4278.0,-6254.0
Eastern Equatoria,Lafon,143194.0,2025,4,Emergency,49.6,10129.0,-9878.0
Eastern Equatoria,Magwi,201044.0,2014,10,Minimal,0.0,38324.02631578947,13877.605263157897
Eastern Equatoria,Magwi,204717.0,2015,1,Minimal,0.0,38324.02631578947,13877.605263157897
Eastern Equatoria,Magwi,204717.0,2015,4,Minimal,0.0,38324.02631578947,13877.605263157897
Eastern Equatoria,Magwi,204717.0,2015,5,Minimal,0.0,38324.02631578947,13877.605263157897
Eastern Equatoria,Magwi,204717.0,2015,8,Minimal,0.0,38324.02631578947,13877.605263157897
Eastern Equatoria,Magwi,204717.0,2015,10,Stressed,9.8,38324.02631578947,13877.605263157897
Eastern Equatoria,Magwi,208391.0,2016,1,Stressed,9.8,40384.0,15490.0
Eastern Equatoria,Magwi,208391.0,2016,4,Stressed,10.1,40384.0,15490.0
Eastern Equatoria,Magwi,208391.0,2016,5,Stressed,14.9,40384.0,15490.0
Eastern Equatoria,Magwi,208391.0,2016,8,Stressed,10.1,40384.0,15490.0
Eastern Equatoria,Magwi,208391.0,2016,10,Crisis,19.7,40384.0,15490.0
Eastern Equatoria,Magwi,184256.0,2017,1,Stressed,10.1,17748.0,-3351.0
Eastern Equatoria,Magwi,184256.0,2017,2,Crisis,34.2,17748.0,-3351.0
Eastern Equatoria,Magwi,212063.0,2017,5,Crisis,38.0,17748.0,-3351.0
Eastern Equatoria,Magwi,212063.0,2017,6,Crisis,40.1,17748.0,-3351.0
Eastern Equatoria,Magwi,179638.0,2017,9,Crisis,50.0,17748.0,-3351.0
Eastern Equatoria,Magwi,179638.0,2017,10,Crisis,45.1,17748.0,-3351.0
Eastern Equatoria,Magwi,185028.0,2018,1,Crisis,35.1,25013.0,2810.0
Eastern Equatoria,Magwi,185028.0,2018,2,Stressed,15.1,25013.0,2810.0
Eastern Equatoria,Magwi,185028.0,2018,5,Stressed,15.1,25013.0,2810.0
Eastern Equatoria,Magwi,185028.0,2018,9,Stressed,15.1,25013.0,2810.0
Eastern Equatoria,Magwi,185028.0,2018,10,Crisis,20.0,25013.0,2810.0
Eastern Equatoria,Magwi,192003.0,2019,1,Crisis,20.0,28339.0,5470.0
Eastern Equatoria,Magwi,248107.0,2019,8,Stressed,9.9,28339.0,5470.0
Eastern Equatoria,Magwi,248107.0,2019,9,Crisis,29.8,28339.0,5470.0
Eastern Equatoria,Magwi,248107.0,2020,1,Stressed,14.9,36359.0,12628.0
Eastern Equatoria,Magwi,251592.0,2020,1,Stressed,14.9,36359.0,12628.0
Eastern Equatoria,Magwi,248107.0,2020,2,Crisis,35.0,36359.0,12628.0
Eastern Equatoria,Magwi,248107.0,2020,5,Crisis,29.8,36359.0,12628.0
Eastern Equatoria,Magwi,264862.0,2022,2,Crisis,25.0,45425.0,20248.0
Eastern Equatoria,Magwi,264862.0,2022,4,Crisis,20.0,45425.0,20248.0
Eastern Equatoria,Magwi,265366.0,2022,10,Crisis,24.9,45425.0,20248.0
Eastern Equatoria,Magwi,265366.0,2022,12,Crisis,20.0,45425.0,20248.0
Eastern Equatoria,Magwi,265366.0,2023,4,Crisis,24.9,39762.0,13830.0
Eastern Equatoria,Magwi,145384.0,2023,9,Crisis,30.1,39762.0,13830.0
Eastern Equatoria,Magwi,145384.0,2023,12,Stressed,15.1,39762.0,13830.0
Eastern Equatoria,Magwi,145384.0,2024,4,Stressed,15.1,36276.0,18307.0
Eastern Equatoria,Magwi,273327.0,2024,9,Crisis,25.4,36276.0,18307.0
Eastern Equatoria,Magwi,225583.0,2024,12,Crisis,43.5,36276.0,18307.0
Eastern Equatoria,Magwi,229068.0,2025,4,Stressed,15.1,75007.0,41224.0
Eastern Equatoria,Torit,138268.0,2014,10,Minimal,5.1,11770.473684210529,-6350.631578947368
Eastern Equatoria,Torit,140795.0,2015,1,Minimal,0.0,11770.473684210529,-6350.631578947368
Eastern Equatoria,Torit,140795.0,2015,4,Stressed,5.0,11770.473684210529,-6350.631578947368
Eastern Equatoria,Torit,140795.0,2015,5,Stressed,5.0,11770.473684210529,-6350.631578947368
Eastern Equatoria,Torit,140795.0,2015,8,Stressed,9.9,11770.473684210529,-6350.631578947368
Eastern Equatoria,Torit,140795.0,2015,10,Crisis,19.9,11770.473684210529,-6350.631578947368
Eastern Equatoria,Torit,143321.0,2016,1,Crisis,19.9,15067.0,-3165.0
Eastern Equatoria,Torit,143321.0,2016,4,Crisis,30.0,15067.0,-3165.0
Eastern Equatoria,Torit,143321.0,2016,5,Crisis,44.7,15067.0,-3165.0
Eastern Equatoria,Torit,143321.0,2016,8,Crisis,34.9,15067.0,-3165.0
Eastern Equatoria,Torit,143321.0,2016,10,Crisis,39.8,15067.0,-3165.0
Eastern Equatoria,Torit,126723.0,2017,1,Stressed,14.7,13824.0,-3298.0
Eastern Equatoria,Torit,126723.0,2017,2,Crisis,45.0,13824.0,-3298.0
Eastern Equatoria,Torit,145847.0,2017,5,Crisis,55.2,13824.0,-3298.0
Eastern Equatoria,Torit,145847.0,2017,6,Emergency,65.1,13824.0,-3298.0
Eastern Equatoria,Torit,150462.0,2017,9,Emergency,69.9,13824.0,-3298.0
Eastern Equatoria,Torit,150462.0,2017,10,Crisis,60.5,13824.0,-3298.0
Eastern Equatoria,Torit,154976.0,2018,1,Crisis,49.8,12110.0,-8037.0
Eastern Equatoria,Torit,154976.0,2018,2,Stressed,14.8,12110.0,-8037.0
Eastern Equatoria,Torit,154976.0,2018,5,Crisis,25.2,12110.0,-8037.0
Eastern Equatoria,Torit,154976.0,2018,9,Crisis,44.5,12110.0,-8037.0
Eastern Equatoria,Torit,154976.0,2018,10,Stressed,14.8,12110.0,-8037.0
Eastern Equatoria,Torit,160818.0,2019,1,Stressed,14.8,8408.0,-12344.0
Eastern Equatoria,Torit,58644.0,2019,8,Crisis,24.9,8408.0,-12344.0
Eastern Equatoria,Torit,58644.0,2019,9,Crisis,35.8,8408.0,-12344.0
Eastern Equatoria,Torit,58644.0,2020,1,Crisis,20.5,14382.0,-7152.0
Eastern Equatoria,Torit,60691.0,2020,1,Stressed,15.3,14382.0,-7152.0
Eastern Equatoria,Torit,58644.0,2020,2,Crisis,26.4,14382.0,-7152.0
Eastern Equatoria,Torit,58644.0,2020,5,Crisis,25.6,14382.0,-7152.0
Eastern Equatoria,Torit,62976.0,2022,2,Crisis,35.8,12206.0,-10639.0
Eastern Equatoria,Torit,62976.0,2022,4,Crisis,39.7,12206.0,-10639.0
Eastern Equatoria,Torit,63096.0,2022,10,Crisis,49.2,12206.0,-10639.0
Eastern Equatoria,Torit,63096.0,2022,12,Crisis,34.9,12206.0,-10639.0
Eastern Equatoria,Torit,63096.0,2023,4,Crisis,39.6,13358.0,-10173.0
Eastern Equatoria,Torit,98491.0,2023,9,Crisis,49.1,13358.0,-10173.0
Eastern Equatoria,Torit,98491.0,2023,12,Crisis,35.5,13358.0,-10173.0
Eastern Equatoria,Torit,98491.0,2024,4,Crisis,30.5,9646.0,-3542.0
Eastern Equatoria,Torit,64989.0,2024,9,Crisis,44.7,9646.0,-3542.0
Eastern Equatoria,Torit,132487.0,2024,12,Crisis,60.0,9646.0,-3542.0
Eastern Equatoria,Torit,134533.0,2025,4,Crisis,40.0,5307.0,-3395.0
Jonglei,Akobo,170211.0,2014,10,Crisis,45.2,6096.552631578948,-13686.868421052632
Jonglei,Akobo,173321.0,2015,1,Crisis,40.0,6096.552631578948,-13686.868421052632
Jonglei,Akobo,173321.0,2015,4,Crisis,40.4,6096.552631578948,-13686.868421052632
Jonglei,Akobo,173321.0,2015,5,Crisis,34.6,6096.552631578948,-13686.868421052632
Jonglei,Akobo,173321.0,2015,8,Crisis,50.2,6096.552631578948,-13686.868421052632
Jonglei,Akobo,173321.0,2015,10,Crisis,24.8,6096.552631578948,-13686.868421052632
Jonglei,Akobo,176431.0,2016,1,Stressed,15.0,5467.0,-12255.0
Jonglei,Akobo,176431.0,2016,4,Stressed,20.4,5467.0,-12255.0
Jonglei,Akobo,176431.0,2016,5,Stressed,14.7,5467.0,-12255.0
Jonglei,Akobo,176431.0,2016,8,Stressed,14.7,5467.0,-12255.0
Jonglei,Akobo,176431.0,2016,10,Stressed,15.3,5467.0,-12255.0
Jonglei,Akobo,179540.0,2017,1,Stressed,10.2,4198.0,-11432.0
Jonglei,Akobo,179540.0,2017,2,Stressed,20.1,4198.0,-11432.0
Jonglei,Akobo,179540.0,2017,5,Crisis,40.1,4198.0,-11432.0
Jonglei,Akobo,179540.0,2017,6,Crisis,60.2,4198.0,-11432.0
Jonglei,Akobo,166060.0,2017,9,Crisis,55.1,4198.0,-11432.0
Jonglei,Akobo,166060.0,2017,10,Emergency,70.5,4198.0,-11432.0
Jonglei,Akobo,183167.0,2018,1,Crisis,65.0,4492.0,-14323.0
Jonglei,Akobo,183167.0,2018,2,Crisis,69.9,4492.0,-14323.0
Jonglei,Akobo,183167.0,2018,5,Emergency,69.9,4492.0,-14323.0
Jonglei,Akobo,183167.0,2018,9,Emergency,74.8,4492.0,-14323.0
Jonglei,Akobo,183167.0,2018,10,Crisis,65.0,4492.0,-14323.0
Jonglei,Akobo,190072.0,2019,1,Crisis,55.1,4954.0,-15799.0
Jonglei,Akobo,225439.0,2019,8,Crisis,60.0,4954.0,-15799.0
Jonglei,Akobo,225439.0,2019,9,Crisis,75.0,4954.0,-15799.0
Jonglei,Akobo,225439.0,2020,1,Crisis,55.0,5141.0,-16395.0
Jonglei,Akobo,228234.0,2020,1,Emergency,75.0,5141.0,-16395.0
Jonglei,Akobo,225439.0,2020,2,Crisis,70.1,5141.0,-16395.0
Jonglei,Akobo,225439.0,2020,5,Emergency,75.0,5141.0,-16395.0
Jonglei,Akobo,226548.0,2022,2,Emergency,75.0,6028.0,-16819.0
Jonglei,Akobo,226548.0,2022,4,Emergency,60.0,6028.0,-16819.0
Jonglei,Akobo,226978.0,2022,10,Emergency,70.2,6028.0,-16819.0
Jonglei,Akobo,226978.0,2022,12,Emergency,85.0,6028.0,-16819.0
Jonglei,Akobo,226978.0,2023,4,Emergency,74.9,7519.0,-16014.0
Jonglei,Akobo,90839.0,2023,9,Emergency,79.7,7519.0,-16014.0
Jonglei,Akobo,90839.0,2023,12,Crisis,64.9,7519.0,-16014.0
Jonglei,Akobo,90839.0,2024,4,Emergency,74.9,4491.0,-5801.0
Jonglei,Akobo,233788.0,2024,9,Emergency,74.9,4491.0,-5801.0
Jonglei,Akobo,180930.0,2024,12,Crisis,55.6,4491.0,-5801.0
Jonglei,Akobo,183725.0,2025,4,Crisis,54.7,12258.0,-14231.0
Jonglei,Ayod,168951.0,2014,10,Crisis,29.6,619.078947368421,-18954.78947368421
Jonglei,Ayod,172037.0,2015,1,Crisis,30.2,619.078947368421,-18954.78947368421
Jonglei,Ayod,172037.0,2015,4,Emergency,44.8,619.078947368421,-18954.78947368421
Jonglei,Ayod,172037.0,2015,5,Crisis,50.0,619.078947368421,-18954.78947368421
Jonglei,Ayod,172037.0,2015,8,Emergency,65.1,619.078947368421,-18954.78947368421
Jonglei,Ayod,172037.0,2015,10,Crisis,50.0,619.078947368421,-18954.78947368421
Jonglei,Ayod,175125.0,2016,1,Crisis,35.5,541.0,-17513.0
Jonglei,Ayod,175125.0,2016,4,Crisis,40.5,541.0,-17513.0
Jonglei,Ayod,175125.0,2016,5,Crisis,49.7,541.0,-17513.0
Jonglei,Ayod,175125.0,2016,8,Crisis,50.2,541.0,-17513.0
Jonglei,Ayod,175125.0,2016,10,Stressed,15.4,541.0,-17513.0
Jonglei,Ayod,178212.0,2017,1,Stressed,14.8,576.0,-18660.0
Jonglei,Ayod,178212.0,2017,2,Crisis,49.9,576.0,-18660.0
Jonglei,Ayod,178212.0,2017,5,Crisis,60.0,576.0,-18660.0
Jonglei,Ayod,178212.0,2017,6,Emergency,75.2,576.0,-18660.0
Jonglei,Ayod,166334.0,2017,9,Emergency,80.2,576.0,-18660.0
Jonglei,Ayod,166334.0,2017,10,Emergency,84.8,576.0,-18660.0
Jonglei,Ayod,171324.0,2018,1,Emergency,80.0,565.0,-18281.0
Jonglei,Ayod,171324.0,2018,2,Crisis,50.2,565.0,-18281.0
Jonglei,Ayod,171324.0,2018,5,Emergency,80.0,565.0,-18281.0
Jonglei,Ayod,171324.0,2018,9,Emergency,85.2,565.0,-18281.0
Jonglei,Ayod,171324.0,2018,10,Crisis,60.1,565.0,-18281.0
Jonglei,Ayod,177783.0,2019,1,Crisis,50.2,665.0,-18746.0
Jonglei,Ayod,181868.0,2019,8,Crisis,60.2,665.0,-18746.0
Jonglei,Ayod,181868.0,2019,9,Crisis,64.9,665.0,-18746.0
Jonglei,Ayod,181868.0,2020,1,Crisis,55.0,690.0,-19453.0
Jonglei,Ayod,184726.0,2020,1,Emergency,70.4,690.0,-19453.0
Jonglei,Ayod,181868.0,2020,2,Crisis,54.7,690.0,-19453.0
Jonglei,Ayod,181868.0,2020,5,Emergency,80.3,690.0,-19453.0
Jonglei,Ayod,194028.0,2022,2,Emergency,80.3,220.0,-21150.0
Jonglei,Ayod,194028.0,2022,4,Emergency,85.0,220.0,-21150.0
Jonglei,Ayod,194396.0,2022,10,Emergency,90.2,220.0,-21150.0
Jonglei,Ayod,194396.0,2022,12,Emergency,70.0,220.0,-21150.0
Jonglei,Ayod,194396.0,2023,4,Emergency,64.8,396.0,-21615.0
Jonglei,Ayod,114077.0,2023,9,Emergency,84.9,396.0,-21615.0
Jonglei,Ayod,114077.0,2023,12,Crisis,59.6,396.0,-21615.0
Jonglei,Ayod,114077.0,2024,4,Emergency,64.9,382.0,-12543.0
Jonglei,Ayod,200228.0,2024,9,Emergency,75.4,382.0,-12543.0
Jonglei,Ayod,185011.0,2024,12,Crisis,39.5,382.0,-12543.0
Jonglei,Ayod,187869.0,2025,4,Crisis,50.3,874.0,-21812.0
Jonglei,Bor South,282206.0,2014,10,Stressed,14.9,7071.394736842105,-20735.657894736843
Jonglei,Bor South,287362.0,2015,1,Stressed,14.9,7071.394736842105,-20735.657894736843
Jonglei,Bor South,287362.0,2015,4,Crisis,24.7,7071.394736842105,-20735.657894736843
Jonglei,Bor South,287362.0,2015,5,Stressed,15.0,7071.394736842105,-20735.657894736843
Jonglei,Bor South,287362.0,2015,8,Stressed,15.0,7071.394736842105,-20735.657894736843
Jonglei,Bor South,287362.0,2015,10,Stressed,15.0,7071.394736842105,-20735.657894736843
Jonglei,Bor South,292518.0,2016,1,Stressed,10.1,2729.0,-21012.0
Jonglei,Bor South,292518.0,2016,4,Crisis,25.3,2729.0,-21012.0
Jonglei,Bor South,292518.0,2016,5,Crisis,24.3,2729.0,-21012.0
Jonglei,Bor South,292518.0,2016,8,Stressed,19.5,2729.0,-21012.0
Jonglei,Bor South,292518.0,2016,10,Stressed,15.0,2729.0,-21012.0
Jonglei,Bor South,297674.0,2017,1,Stressed,15.0,4182.0,-14011.0
Jonglei,Bor South,297674.0,2017,2,Crisis,29.9,4182.0,-14011.0
Jonglei,Bor South,297674.0,2017,5,Crisis,50.1,4182.0,-14011.0
Jonglei,Bor South,297674.0,2017,6,Emergency,60.1,4182.0,-14011.0
Jonglei,Bor South,232350.0,2017,9,Crisis,55.1,4182.0,-14011.0
Jonglei,Bor South,232350.0,2017,10,Crisis,30.1,4182.0,-14011.0
Jonglei,Bor South,239320.0,2018,1,Stressed,15.1,5825.0,-21697.0
Jonglei,Bor South,239320.0,2018,2,Stressed,15.0,5825.0,-21697.0
Jonglei,Bor South,239320.0,2018,5,Crisis,35.1,5825.0,-21697.0
Jonglei,Bor South,239320.0,2018,9,Emergency,45.1,5825.0,-21697.0
Jonglei,Bor South,239320.0,2018,10,Crisis,65.2,5825.0,-21697.0
Jonglei,Bor South,248343.0,2019,1,Crisis,55.2,5162.0,-23185.0
Jonglei,Bor South,327583.0,2019,8,Crisis,64.8,5162.0,-23185.0
Jonglei,Bor South,327583.0,2019,9,Crisis,60.1,5162.0,-23185.0
Jonglei,Bor South,327583.0,2020,1,Crisis,49.8,6867.0,-22549.0
Jonglei,Bor South,332120.0,2020,1,Crisis,54.9,6867.0,-22549.0
Jonglei,Bor South,327583.0,2020,2,Crisis,55.1,6867.0,-22549.0
Jonglei,Bor South,327583.0,2020,5,Crisis,60.1,6867.0,-22549.0
Jonglei,Bor South,339616.0,2022,2,Crisis,65.0,7323.0,-23884.0
Jonglei,Bor South,339616.0,2022,4,Crisis,65.1,7323.0,-23884.0
Jonglei,Bor South,340261.0,2022,10,Emergency,70.1,7323.0,-23884.0
Jonglei,Bor South,340261.0,2022,12,Crisis,50.0,7323.0,-23884.0
Jonglei,Bor South,340261.0,2023,4,Crisis,45.0,8765.0,-23378.0
Jonglei,Bor South,160878.0,2023,9,Crisis,60.0,8765.0,-23378.0
Jonglei,Bor South,160878.0,2023,12,Stressed,14.9,8765.0,-23378.0
Jonglei,Bor South,160878.0,2024,4,Stressed,14.9,6570.0,-12486.0
Jonglei,Bor South,350469.0,2024,9,Crisis,29.8,6570.0,-12486.0
Jonglei,Bor South,293700.0,2024,12,Stressed,19.1,6570.0,-12486.0
Jonglei,Bor South,298237.0,2025,4,Stressed,9.9,17844.0,-23669.0
Jonglei,Canal/Pigi,119751.0,2014,10,Crisis,35.1,611.9736842105264,-11874.263157894737
Jonglei,Canal/Pigi,121939.0,2015,1,Crisis,35.1,611.9736842105264,-11874.263157894737
Jonglei,Canal/Pigi,121939.0,2015,4,Emergency,44.3,611.9736842105264,-11874.263157894737
Jonglei,Canal/Pigi,121939.0,2015,5,Emergency,64.8,611.9736842105264,-11874.263157894737
Jonglei,Canal/Pigi,121939.0,2015,8,Emergency,80.4,611.9736842105264,-11874.263157894737
Jonglei,Canal/Pigi,121939.0,2015,10,Crisis,40.2,611.9736842105264,-11874.263157894737
Jonglei,Canal/Pigi,124127.0,2016,1,Crisis,29.5,1120.0,-18734.0
Jonglei,Canal/Pigi,124127.0,2016,4,Crisis,34.6,1120.0,-18734.0
Jonglei,Canal/Pigi,124127.0,2016,5,Crisis,55.6,1120.0,-18734.0
Jonglei,Canal/Pigi,124127.0,2016,8,Crisis,70.1,1120.0,-18734.0
Jonglei,Canal/Pigi,124127.0,2016,10,Stressed,14.5,1120.0,-18734.0
Jonglei,Canal/Pigi,126315.0,2017,1,Stressed,9.7,759.0,-12700.0
Jonglei,Canal/Pigi,126315.0,2017,2,Crisis,60.2,759.0,-12700.0
Jonglei,Canal/Pigi,126315.0,2017,5,Crisis,69.7,759.0,-12700.0
Jonglei,Canal/Pigi,126315.0,2017,6,Emergency,75.2,759.0,-12700.0
Jonglei,Canal/Pigi,95763.0,2017,9,Emergency,75.2,759.0,-12700.0
Jonglei,Canal/Pigi,95763.0,2017,10,Emergency,70.0,759.0,-12700.0
Jonglei,Canal/Pigi,98636.0,2018,1,Emergency,70.0,612.0,-10238.0
Jonglei,Canal/Pigi,98636.0,2018,2,Crisis,70.0,612.0,-10238.0
Jonglei,Canal/Pigi,98636.0,2018,5,Emergency,80.1,612.0,-10238.0
Jonglei,Canal/Pigi,98636.0,2018,9,Emergency,90.2,612.0,-10238.0
Jonglei,Canal/Pigi,98636.0,2018,10,Emergency,50.7,612.0,-10238.0
Jonglei,Canal/Pigi,102355.0,2019,1,Emergency,45.6,467.0,-10708.0
Jonglei,Canal/Pigi,99781.0,2019,8,Emergency,49.8,467.0,-10708.0
Jonglei,Canal/Pigi,99781.0,2019,9,Emergency,70.2,467.0,-10708.0
Jonglei,Canal/Pigi,99781.0,2020,1,Crisis,50.1,484.0,-11113.0
Jonglei,Canal/Pigi,101814.0,2020,1,Emergency,65.1,484.0,-11113.0
Jonglei,Canal/Pigi,99781.0,2020,2,Emergency,64.8,484.0,-11113.0
Jonglei,Canal/Pigi,99781.0,2020,5,Emergency,70.2,484.0,-11113.0
Jonglei,Canal/Pigi,106424.0,2022,2,Emergency,75.2,315.0,-11988.0
Jonglei,Canal/Pigi,106424.0,2022,4,Emergency,85.5,315.0,-11988.0
Jonglei,Canal/Pigi,106626.0,2022,10,Emergency,90.2,315.0,-11988.0
Jonglei,Canal/Pigi,106626.0,2022,12,Emergency,75.0,315.0,-11988.0
Jonglei,Canal/Pigi,106626.0,2023,4,Emergency,75.0,324.0,-12348.0
Jonglei,Canal/Pigi,29721.0,2023,9,Emergency,79.7,324.0,-12348.0
Jonglei,Canal/Pigi,29721.0,2023,12,Emergency,77.4,324.0,-12348.0
Jonglei,Canal/Pigi,29721.0,2024,4,Emergency,67.3,202.0,-3165.0
Jonglei,Canal/Pigi,109825.0,2024,9,Emergency,84.1,202.0,-3165.0
Jonglei,Canal/Pigi,131594.0,2024,12,Crisis,54.6,202.0,-3165.0
Jonglei,Canal/Pigi,133627.0,2025,4,Emergency,64.6,768.0,-11675.0
Jonglei,Duk,116810.0,2014,10,Emergency,44.5,1655.5757575757575,-13438.242424242424
Jonglei,Duk,118944.0,2015,1,Emergency,44.5,1655.5757575757575,-13438.242424242424
Jonglei,Duk,118944.0,2015,8,Emergency,45.4,1655.5757575757575,-13438.242424242424
Jonglei,Duk,118944.0,2015,10,Crisis,50.4,1655.5757575757575,-13438.242424242424
Jonglei,Duk,121079.0,2016,1,Crisis,35.3,1655.5757575757575,-13438.242424242424
Jonglei,Duk,121079.0,2016,4,Crisis,39.6,1655.5757575757575,-13438.242424242424
Jonglei,Duk,121079.0,2016,5,Emergency,39.6,1655.5757575757575,-13438.242424242424
Jonglei,Duk,121079.0,2016,8,Emergency,54.5,1655.5757575757575,-13438.242424242424
Jonglei,Duk,121079.0,2016,10,Stressed,14.9,1655.5757575757575,-13438.242424242424
Jonglei,Duk,123213.0,2017,1,Stressed,14.9,1369.0,-15521.0
Jonglei,Duk,123213.0,2017,2,Crisis,34.9,1369.0,-15521.0
Jonglei,Duk,123213.0,2017,5,Crisis,44.6,1369.0,-15521.0
Jonglei,Duk,123213.0,2017,6,Emergency,85.2,1369.0,-15521.0
Jonglei,Duk,112421.0,2017,9,Emergency,84.4,1369.0,-15521.0
Jonglei,Duk,112421.0,2017,10,Crisis,64.9,1369.0,-15521.0
Jonglei,Duk,115793.0,2018,1,Crisis,70.3,1239.0,-11498.0
Jonglei,Duk,115793.0,2018,2,Emergency,84.6,1239.0,-11498.0
Jonglei,Duk,115793.0,2018,5,Emergency,85.5,1239.0,-11498.0
Jonglei,Duk,115793.0,2018,9,Emergency,85.5,1239.0,-11498.0
Jonglei,Duk,115793.0,2018,10,Crisis,60.5,1239.0,-11498.0
Jonglei,Duk,120159.0,2019,1,Crisis,50.1,1701.0,-11418.0
Jonglei,Duk,189958.0,2019,8,Crisis,59.9,1701.0,-11418.0
Jonglei,Duk,189958.0,2019,9,Emergency,74.8,1701.0,-11418.0
Jonglei,Duk,189958.0,2020,1,Emergency,79.5,1545.0,-12069.0
Jonglei,Duk,191303.0,2020,1,Emergency,69.5,1545.0,-12069.0
Jonglei,Duk,189958.0,2020,2,Emergency,89.9,1545.0,-12069.0
Jonglei,Duk,189958.0,2020,5,Emergency,74.8,1545.0,-12069.0
Jonglei,Duk,199038.0,2022,2,Emergency,79.5,1362.0,-13081.0
Jonglei,Duk,199038.0,2022,4,Crisis,60.3,1362.0,-13081.0
Jonglei,Duk,199416.0,2022,10,Emergency,70.3,1362.0,-13081.0
Jonglei,Duk,199416.0,2022,12,Crisis,55.2,1362.0,-13081.0
Jonglei,Duk,199416.0,2023,4,Crisis,55.2,1804.0,-13072.0
Jonglei,Duk,56187.0,2023,9,Emergency,60.2,1804.0,-13072.0
Jonglei,Duk,56187.0,2023,12,Emergency,74.8,1804.0,-13072.0
Jonglei,Duk,56187.0,2024,4,Emergency,74.8,715.0,-5651.0
Jonglei,Duk,205398.0,2024,9,Emergency,83.6,715.0,-5651.0
Jonglei,Duk,87122.0,2024,12,Crisis,55.0,715.0,-5651.0
Jonglei,Duk,88468.0,2025,4,Crisis,49.4,3133.0,-20139.0
Jonglei,Fangak,157422.0,2014,10,Crisis,30.5,881.5454545454545,-19500.81818181818
Jonglei,Fangak,160298.0,2015,1,Crisis,25.4,881.5454545454545,-19500.81818181818
Jonglei,Fangak,160298.0,2015,4,Crisis,20.0,881.5454545454545,-19500.81818181818
Jonglei,Fangak,160298.0,2015,5,Emergency,64.9,881.5454545454545,-19500.81818181818
Jonglei,Fangak,160298.0,2015,8,Emergency,69.9,881.5454545454545,-19500.81818181818
Jonglei,Fangak,160298.0,2015,10,Crisis,49.9,881.5454545454545,-19500.81818181818
Jonglei,Fangak,163175.0,2016,1,Crisis,34.9,881.5454545454545,-19500.81818181818
Jonglei,Fangak,163175.0,2016,4,Crisis,39.8,881.5454545454545,-19500.81818181818
Jonglei,Fangak,163175.0,2016,5,Crisis,54.5,881.5454545454545,-19500.81818181818
Jonglei,Fangak,163175.0,2016,8,Crisis,54.5,881.5454545454545,-19500.81818181818
Jonglei,Fangak,163175.0,2016,10,Stressed,14.7,881.5454545454545,-19500.81818181818
Jonglei,Fangak,166051.0,2017,1,Stressed,9.8,740.0,-17219.0
Jonglei,Fangak,166051.0,2017,2,Crisis,50.0,740.0,-17219.0
Jonglei,Fangak,166051.0,2017,5,Crisis,60.2,740.0,-17219.0
Jonglei,Fangak,166051.0,2017,6,Crisis,60.2,740.0,-17219.0
Jonglei,Fangak,210183.0,2017,9,Crisis,50.0,740.0,-17219.0
Jonglei,Fangak,210183.0,2017,10,Emergency,75.2,740.0,-17219.0
Jonglei,Fangak,172406.0,2018,1,Crisis,75.2,1308.0,-22506.0
Jonglei,Fangak,172406.0,2018,2,Crisis,59.7,1308.0,-22506.0
Jonglei,Fangak,172406.0,2018,5,Emergency,80.0,1308.0,-22506.0
Jonglei,Fangak,172406.0,2018,9,Emergency,85.3,1308.0,-22506.0
Jonglei,Fangak,172406.0,2018,10,Emergency,65.0,1308.0,-22506.0
Jonglei,Fangak,178906.0,2019,1,Crisis,60.3,805.0,-18729.0
Jonglei,Fangak,193053.0,2019,8,Emergency,79.9,805.0,-18729.0
Jonglei,Fangak,193053.0,2019,9,Crisis,60.1,805.0,-18729.0
Jonglei,Fangak,193053.0,2020,1,Crisis,40.4,835.0,-19435.0
Jonglei,Fangak,195312.0,2020,1,Emergency,65.3,835.0,-19435.0
Jonglei,Fangak,193053.0,2020,2,Crisis,55.3,835.0,-19435.0
Jonglei,Fangak,193053.0,2020,5,Emergency,69.9,835.0,-19435.0
Jonglei,Fangak,196576.0,2022,2,Emergency,75.1,633.0,-20872.0
Jonglei,Fangak,196576.0,2022,4,Emergency,85.5,633.0,-20872.0
Jonglei,Fangak,196950.0,2022,10,Emergency,90.0,633.0,-20872.0
Jonglei,Fangak,196950.0,2022,12,Emergency,80.2,633.0,-20872.0
Jonglei,Fangak,196950.0,2023,4,Emergency,80.2,782.0,-21368.0
Jonglei,Fangak,109657.0,2023,9,Emergency,90.4,782.0,-21368.0
Jonglei,Fangak,109657.0,2023,12,Emergency,64.7,782.0,-21368.0
Jonglei,Fangak,109657.0,2024,4,Emergency,70.2,564.0,-11860.0
Jonglei,Fangak,202858.0,2024,9,Emergency,74.8,564.0,-11860.0
Jonglei,Fangak,146288.0,2024,12,Emergency,58.2,564.0,-11860.0
Jonglei,Fangak,148548.0,2025,4,Emergency,64.9,1232.0,-21752.0
Jonglei,Nyirol,134394.0,2014,10,Crisis,44.6,2038.5263157894733,-15475.078947368422
Jonglei,Nyirol,136849.0,2015,1,Crisis,35.0,2038.5263157894733,-15475.078947368422
Jonglei,Nyirol,136849.0,2015,4,Emergency,39.5,2038.5263157894733,-15475.078947368422
Jonglei,Nyirol,136849.0,2015,5,Crisis,55.5,2038.5263157894733,-15475.078947368422
Jonglei,Nyirol,136849.0,2015,8,Crisis,70.2,2038.5263157894733,-15475.078947368422
Jonglei,Nyirol,136849.0,2015,10,Crisis,55.5,2038.5263157894733,-15475.078947368422
Jonglei,Nyirol,139305.0,2016,1,Stressed,15.3,2502.0,-13259.0
Jonglei,Nyirol,139305.0,2016,4,Crisis,20.1,2502.0,-13259.0
Jonglei,Nyirol,139305.0,2016,5,Crisis,35.2,2502.0,-13259.0
Jonglei,Nyirol,139305.0,2016,8,Crisis,45.2,2502.0,-13259.0
Jonglei,Nyirol,139305.0,2016,10,Stressed,15.1,2502.0,-13259.0
Jonglei,Nyirol,141760.0,2017,1,Stressed,15.1,2360.0,-12510.0
Jonglei,Nyirol,141760.0,2017,2,Crisis,60.0,2360.0,-12510.0
Jonglei,Nyirol,141760.0,2017,5,Crisis,69.8,2360.0,-12510.0
Jonglei,Nyirol,141760.0,2017,6,Emergency,69.8,2360.0,-12510.0
Jonglei,Nyirol,169493.0,2017,9,Emergency,60.0,2360.0,-12510.0
Jonglei,Nyirol,169493.0,2017,10,Emergency,69.6,2360.0,-12510.0
Jonglei,Nyirol,174578.0,2018,1,Emergency,70.2,2667.0,-16537.0
Jonglei,Nyirol,174578.0,2018,2,Emergency,65.3,2667.0,-16537.0
Jonglei,Nyirol,174578.0,2018,5,Emergency,80.2,2667.0,-16537.0
Jonglei,Nyirol,174578.0,2018,9,Emergency,89.9,2667.0,-16537.0
Jonglei,Nyirol,174578.0,2018,10,Crisis,59.6,2667.0,-16537.0
Jonglei,Nyirol,181159.0,2019,1,Crisis,55.0,2747.0,-17033.0
Jonglei,Nyirol,132312.0,2019,8,Emergency,70.1,2747.0,-17033.0
Jonglei,Nyirol,132312.0,2019,9,Emergency,80.1,2747.0,-17033.0
Jonglei,Nyirol,132312.0,2020,1,Crisis,70.3,2138.0,-18388.0
Jonglei,Nyirol,134542.0,2020,1,Emergency,74.8,2138.0,-18388.0
Jonglei,Nyirol,132312.0,2020,2,Emergency,75.1,2138.0,-18388.0
Jonglei,Nyirol,132312.0,2020,5,Emergency,80.1,2138.0,-18388.0
Jonglei,Nyirol,142246.0,2022,2,Emergency,84.6,1361.0,-20415.0
Jonglei,Nyirol,142246.0,2022,4,Emergency,75.2,1361.0,-20415.0
Jonglei,Nyirol,142516.0,2022,10,Emergency,80.1,1361.0,-20415.0
Jonglei,Nyirol,142516.0,2022,12,Emergency,75.1,1361.0,-20415.0
Jonglei,Nyirol,142516.0,2023,4,Emergency,65.3,1902.0,-20527.0
Jonglei,Nyirol,63180.0,2023,9,Emergency,75.1,1902.0,-20527.0
Jonglei,Nyirol,63180.0,2023,12,Emergency,74.4,1902.0,-20527.0
Jonglei,Nyirol,63180.0,2024,4,Emergency,74.4,601.0,-6558.0
Jonglei,Nyirol,146792.0,2024,9,Emergency,80.7,601.0,-6558.0
Jonglei,Nyirol,144354.0,2024,12,Emergency,79.7,601.0,-6558.0
Jonglei,Nyirol,146584.0,2025,4,Emergency,60.3,1559.0,-15073.0
Jonglei,Pibor,168674.0,2014,10,Stressed,14.8,2766.99609375,-16228.9140625
Jonglei,Pibor,171756.0,2015,1,Stressed,14.8,2766.99609375,-16228.9140625
Jonglei,Pibor,171756.0,2015,4,Stressed,15.1,2766.99609375,-16228.9140625
Jonglei,Pibor,171756.0,2015,5,Stressed,15.1,2766.99609375,-16228.9140625
Jonglei,Pibor,171756.0,2015,8,Stressed,15.1,2766.99609375,-16228.9140625
Jonglei,Pibor,171756.0,2015,10,Stressed,15.1,2766.99609375,-16228.9140625
Jonglei,Pibor,174839.0,2016,1,Stressed,15.1,2766.99609375,-16228.9140625
Jonglei,Pibor,174839.0,2016,4,Crisis,29.7,2766.99609375,-16228.9140625
Jonglei,Pibor,174839.0,2016,5,Crisis,49.8,2766.99609375,-16228.9140625
Jonglei,Pibor,174839.0,2016,8,Crisis,54.9,2766.99609375,-16228.9140625
Jonglei,Pibor,174839.0,2016,10,Stressed,14.9,2766.99609375,-16228.9140625
Jonglei,Pibor,177920.0,2017,1,Stressed,14.9,2766.99609375,-16228.9140625
Jonglei,Pibor,177920.0,2017,2,Crisis,20.2,2766.99609375,-16228.9140625
Jonglei,Pibor,177920.0,2017,5,Crisis,39.9,2766.99609375,-16228.9140625
Jonglei,Pibor,177920.0,2017,6,Emergency,75.3,2766.99609375,-16228.9140625
Jonglei,Pibor,185701.0,2017,9,Crisis,50.0,2766.99609375,-16228.9140625
Jonglei,Pibor,185701.0,2017,10,Emergency,70.0,2766.99609375,-16228.9140625
Jonglei,Pibor,191272.0,2018,1,Emergency,65.2,2766.99609375,-16228.9140625
Jonglei,Pibor,191272.0,2018,2,Emergency,60.1,2766.99609375,-16228.9140625
Jonglei,Pibor,191272.0,2018,5,Emergency,74.8,2766.99609375,-16228.9140625
Jonglei,Pibor,191272.0,2018,9,Emergency,85.7,2766.99609375,-16228.9140625
Jonglei,Pibor,191272.0,2018,10,Emergency,85.2,2766.99609375,-16228.9140625
Jonglei,Pibor,198483.0,2019,1,Emergency,80.0,2766.99609375,-16228.9140625
Jonglei,Pibor,204879.0,2019,8,Emergency,90.2,2766.99609375,-16228.9140625
Jonglei,Pibor,204879.0,2019,9,Emergency,75.2,2766.99609375,-16228.9140625
Jonglei,Pibor,204879.0,2020,1,Crisis,64.9,2766.99609375,-16228.9140625
Jonglei,Pibor,207925.0,2020,1,Emergency,69.8,2766.99609375,-16228.9140625
Jonglei,Pibor,204879.0,2020,2,Emergency,75.0,2766.99609375,-16228.9140625
Jonglei,Pibor,204879.0,2020,5,Emergency,69.8,2766.99609375,-16228.9140625
Jonglei,Pibor,227855.0,2022,2,Emergency,64.9,2766.99609375,-16228.9140625
Jonglei,Pibor,227855.0,2022,4,Emergency,84.7,2766.99609375,-16228.9140625
Jonglei,Pibor,228287.0,2022,10,Emergency,90.0,2766.99609375,-16228.9140625
Jonglei,Pibor,228287.0,2022,12,Emergency,74.9,2766.99609375,-16228.9140625
Jonglei,Pibor,228287.0,2023,4,Emergency,74.9,2766.99609375,-16228.9140625
Jonglei,Pibor,219744.0,2023,9,Emergency,80.2,2766.99609375,-16228.9140625
Jonglei,Pibor,219744.0,2023,12,Emergency,75.1,2766.99609375,-16228.9140625
Jonglei,Pibor,219744.0,2024,4,Emergency,65.1,2766.99609375,-16228.9140625
Jonglei,Pibor,235136.0,2024,9,Emergency,80.1,2766.99609375,-16228.9140625
Jonglei,Pibor,197222.0,2024,12,Emergency,77.4,2766.99609375,-16228.9140625
Jonglei,Pibor,200269.0,2025,4,Emergency,75.0,2766.99609375,-16228.9140625
Jonglei,Pochalla,84599.0,2014,10,Crisis,18.9,2766.99609375,-16228.9140625
Jonglei,Pochalla,86088.0,2015,1,Crisis,24.8,2766.99609375,-16228.9140625
Jonglei,Pochalla,86088.0,2015,4,Stressed,15.1,2766.99609375,-16228.9140625
Jonglei,Pochalla,86088.0,2015,5,Stressed,15.1,2766.99609375,-16228.9140625
Jonglei,Pochalla,86088.0,2015,8,Stressed,15.1,2766.99609375,-16228.9140625
Jonglei,Pochalla,86088.0,2015,10,Crisis,24.4,2766.99609375,-16228.9140625
Jonglei,Pochalla,87579.0,2016,1,Stressed,15.1,2766.99609375,-16228.9140625
Jonglei,Pochalla,87579.0,2016,4,Stressed,14.8,2766.99609375,-16228.9140625
Jonglei,Pochalla,87579.0,2016,5,Crisis,40.0,2766.99609375,-16228.9140625
Jonglei,Pochalla,87579.0,2016,8,Crisis,35.4,2766.99609375,-16228.9140625
Jonglei,Pochalla,87579.0,2016,10,Stressed,14.8,2766.99609375,-16228.9140625
Jonglei,Pochalla,89068.0,2017,1,Stressed,10.3,2766.99609375,-16228.9140625
Jonglei,Pochalla,89068.0,2017,2,Crisis,20.2,2766.99609375,-16228.9140625
Jonglei,Pochalla,89068.0,2017,5,Stressed,14.6,2766.99609375,-16228.9140625
Jonglei,Pochalla,89068.0,2017,6,Crisis,24.7,2766.99609375,-16228.9140625
Jonglei,Pochalla,79145.0,2017,9,Stressed,14.6,2766.99609375,-16228.9140625
Jonglei,Pochalla,79145.0,2017,10,Crisis,60.6,2766.99609375,-16228.9140625
Jonglei,Pochalla,81520.0,2018,1,Crisis,35.4,2766.99609375,-16228.9140625
Jonglei,Pochalla,81520.0,2018,2,Stressed,9.8,2766.99609375,-16228.9140625
Jonglei,Pochalla,81520.0,2018,5,Stressed,14.7,2766.99609375,-16228.9140625
Jonglei,Pochalla,81520.0,2018,9,Crisis,29.4,2766.99609375,-16228.9140625
Jonglei,Pochalla,81520.0,2018,10,Crisis,19.6,2766.99609375,-16228.9140625
Jonglei,Pochalla,84593.0,2019,1,Stressed,9.8,2766.99609375,-16228.9140625
Jonglei,Pochalla,75210.0,2019,8,Stressed,4.7,2766.99609375,-16228.9140625
Jonglei,Pochalla,75210.0,2019,9,Crisis,19.9,2766.99609375,-16228.9140625
Jonglei,Pochalla,75210.0,2020,1,Stressed,10.6,2766.99609375,-16228.9140625
Jonglei,Pochalla,76568.0,2020,1,Crisis,39.9,2766.99609375,-16228.9140625
Jonglei,Pochalla,75210.0,2020,2,Crisis,30.0,2766.99609375,-16228.9140625
Jonglei,Pochalla,75210.0,2020,5,Crisis,45.2,2766.99609375,-16228.9140625
Jonglei,Pochalla,79411.0,2022,2,Crisis,55.8,2766.99609375,-16228.9140625
Jonglei,Pochalla,79411.0,2022,4,Crisis,40.3,2766.99609375,-16228.9140625
Jonglei,Pochalla,79562.0,2022,10,Crisis,50.4,2766.99609375,-16228.9140625
Jonglei,Pochalla,79562.0,2022,12,Crisis,45.2,2766.99609375,-16228.9140625
Jonglei,Pochalla,79562.0,2023,4,Crisis,40.2,2766.99609375,-16228.9140625
Jonglei,Pochalla,20357.0,2023,9,Crisis,60.3,2766.99609375,-16228.9140625
Jonglei,Pochalla,20357.0,2023,12,Crisis,63.9,2766.99609375,-16228.9140625
Jonglei,Pochalla,20357.0,2024,4,Crisis,49.1,2766.99609375,-16228.9140625
Jonglei,Pochalla,81949.0,2024,9,Crisis,58.9,2766.99609375,-16228.9140625
Jonglei,Pochalla,87936.0,2024,12,Crisis,54.9,2766.99609375,-16228.9140625
Jonglei,Pochalla,89295.0,2025,4,Crisis,44.4,2766.99609375,-16228.9140625
Jonglei,Twic East,122734.0,2014,10,Crisis,29.3,2766.99609375,-16228.9140625
Jonglei,Twic East,124977.0,2015,1,Crisis,35.0,2766.99609375,-16228.9140625
Jonglei,Twic East,124977.0,2015,4,Crisis,35.2,2766.99609375,-16228.9140625
Jonglei,Twic East,124977.0,2015,5,Crisis,55.2,2766.99609375,-16228.9140625
Jonglei,Twic East,124977.0,2015,8,Crisis,64.8,2766.99609375,-16228.9140625
Jonglei,Twic East,124977.0,2015,10,Crisis,49.6,2766.99609375,-16228.9140625
Jonglei,Twic East,127220.0,2016,1,Crisis,34.4,2766.99609375,-16228.9140625
Jonglei,Twic East,127220.0,2016,4,Crisis,40.1,2766.99609375,-16228.9140625
Jonglei,Twic East,127220.0,2016,5,Crisis,21.2,2766.99609375,-16228.9140625
Jonglei,Twic East,127220.0,2016,8,Stressed,18.1,2766.99609375,-16228.9140625
Jonglei,Twic East,127220.0,2016,10,Stressed,14.9,2766.99609375,-16228.9140625
Jonglei,Twic East,129462.0,2017,1,Stressed,14.9,2766.99609375,-16228.9140625
Jonglei,Twic East,129462.0,2017,2,Crisis,34.8,2766.99609375,-16228.9140625
Jonglei,Twic East,129462.0,2017,5,Crisis,54.8,2766.99609375,-16228.9140625
Jonglei,Twic East,129462.0,2017,6,Emergency,60.2,2766.99609375,-16228.9140625
Jonglei,Twic East,116641.0,2017,9,Crisis,64.9,2766.99609375,-16228.9140625
Jonglei,Twic East,116641.0,2017,10,Emergency,54.9,2766.99609375,-16228.9140625
Jonglei,Twic East,120140.0,2018,1,Crisis,40.3,2766.99609375,-16228.9140625
Jonglei,Twic East,120140.0,2018,2,Crisis,59.9,2766.99609375,-16228.9140625
Jonglei,Twic East,120140.0,2018,5,Emergency,64.9,2766.99609375,-16228.9140625
Jonglei,Twic East,120140.0,2018,9,Emergency,74.9,2766.99609375,-16228.9140625
Jonglei,Twic East,120140.0,2018,10,Crisis,59.9,2766.99609375,-16228.9140625
Jonglei,Twic East,124669.0,2019,1,Crisis,44.9,2766.99609375,-16228.9140625
Jonglei,Twic East,118957.0,2019,8,Emergency,65.0,2766.99609375,-16228.9140625
Jonglei,Twic East,118957.0,2019,9,Crisis,69.8,2766.99609375,-16228.9140625
Jonglei,Twic East,118957.0,2020,1,Crisis,45.4,2766.99609375,-16228.9140625
Jonglei,Twic East,120708.0,2020,1,Crisis,60.5,2766.99609375,-16228.9140625
Jonglei,Twic East,118957.0,2020,2,Crisis,49.7,2766.99609375,-16228.9140625
Jonglei,Twic East,118957.0,2020,5,Emergency,65.6,2766.99609375,-16228.9140625
Jonglei,Twic East,124117.0,2022,2,Emergency,70.6,2766.99609375,-16228.9140625
Jonglei,Twic East,124117.0,2022,4,Emergency,74.9,2766.99609375,-16228.9140625
Jonglei,Twic East,124352.0,2022,10,Emergency,80.6,2766.99609375,-16228.9140625
Jonglei,Twic East,124352.0,2022,12,Emergency,70.0,2766.99609375,-16228.9140625
Jonglei,Twic East,124352.0,2023,4,Emergency,60.3,2766.99609375,-16228.9140625
Jonglei,Twic East,51269.0,2023,9,Emergency,75.6,2766.99609375,-16228.9140625
Jonglei,Twic East,51269.0,2023,12,Crisis,50.7,2766.99609375,-16228.9140625
Jonglei,Twic East,51269.0,2024,4,Crisis,39.0,2766.99609375,-16228.9140625
Jonglei,Twic East,128083.0,2024,9,Crisis,50.7,2766.99609375,-16228.9140625
Jonglei,Twic East,113371.0,2024,12,Emergency,58.6,2766.99609375,-16228.9140625
Jonglei,Twic East,115122.0,2025,4,Emergency,65.3,2766.99609375,-16228.9140625
Jonglei,Uror,201811.0,2014,10,Crisis,45.1,2766.99609375,-16228.9140625
Jonglei,Uror,205498.0,2015,1,Crisis,34.7,2766.99609375,-16228.9140625
Jonglei,Uror,205498.0,2015,4,Emergency,44.8,2766.99609375,-16228.9140625
Jonglei,Uror,205498.0,2015,5,Crisis,59.9,2766.99609375,-16228.9140625
Jonglei,Uror,205498.0,2015,8,Crisis,70.1,2766.99609375,-16228.9140625
Jonglei,Uror,205498.0,2015,10,Crisis,50.1,2766.99609375,-16228.9140625
Jonglei,Uror,209186.0,2016,1,Crisis,60.3,2766.99609375,-16228.9140625
Jonglei,Uror,209186.0,2016,4,Crisis,40.2,2766.99609375,-16228.9140625
Jonglei,Uror,209186.0,2016,5,Crisis,20.1,2766.99609375,-16228.9140625
Jonglei,Uror,209186.0,2016,8,Crisis,20.1,2766.99609375,-16228.9140625
Jonglei,Uror,209186.0,2016,10,Stressed,14.8,2766.99609375,-16228.9140625
Jonglei,Uror,212873.0,2017,1,Stressed,10.0,2766.99609375,-16228.9140625
Jonglei,Uror,212873.0,2017,2,Crisis,59.7,2766.99609375,-16228.9140625
Jonglei,Uror,212873.0,2017,5,Crisis,70.0,2766.99609375,-16228.9140625
Jonglei,Uror,212873.0,2017,6,Emergency,79.9,2766.99609375,-16228.9140625
Jonglei,Uror,190600.0,2017,9,Emergency,90.2,2766.99609375,-16228.9140625
Jonglei,Uror,190600.0,2017,10,Emergency,75.0,2766.99609375,-16228.9140625
Jonglei,Uror,196318.0,2018,1,Emergency,69.8,2766.99609375,-16228.9140625
Jonglei,Uror,196318.0,2018,2,Emergency,65.2,2766.99609375,-16228.9140625
Jonglei,Uror,196318.0,2018,5,Emergency,80.5,2766.99609375,-16228.9140625
Jonglei,Uror,196318.0,2018,9,Emergency,85.6,2766.99609375,-16228.9140625
Jonglei,Uror,196318.0,2018,10,Crisis,65.2,2766.99609375,-16228.9140625
Jonglei,Uror,203719.0,2019,1,Crisis,55.0,2766.99609375,-16228.9140625
Jonglei,Uror,182012.0,2019,8,Crisis,70.2,2766.99609375,-16228.9140625
Jonglei,Uror,182012.0,2019,9,Crisis,45.1,2766.99609375,-16228.9140625
Jonglei,Uror,182012.0,2020,1,Crisis,30.2,2766.99609375,-16228.9140625
Jonglei,Uror,185676.0,2020,1,Emergency,64.8,2766.99609375,-16228.9140625
Jonglei,Uror,182012.0,2020,2,Crisis,35.0,2766.99609375,-16228.9140625
Jonglei,Uror,182012.0,2020,5,Emergency,69.8,2766.99609375,-16228.9140625
Jonglei,Uror,195919.0,2022,2,Emergency,75.3,2766.99609375,-16228.9140625
Jonglei,Uror,195919.0,2022,4,Emergency,75.0,2766.99609375,-16228.9140625
Jonglei,Uror,196292.0,2022,10,Emergency,80.1,2766.99609375,-16228.9140625
Jonglei,Uror,196292.0,2022,12,Emergency,70.3,2766.99609375,-16228.9140625
Jonglei,Uror,196292.0,2023,4,Emergency,65.2,2766.99609375,-16228.9140625
Jonglei,Uror,115296.0,2023,9,Emergency,75.4,2766.99609375,-16228.9140625
Jonglei,Uror,115296.0,2023,12,Emergency,74.6,2766.99609375,-16228.9140625
Jonglei,Uror,115296.0,2024,4,Emergency,59.8,2766.99609375,-16228.9140625
Jonglei,Uror,202180.0,2024,9,Emergency,65.0,2766.99609375,-16228.9140625
Jonglei,Uror,237130.0,2024,12,Crisis,40.1,2766.99609375,-16228.9140625
Jonglei,Uror,240794.0,2025,4,Emergency,59.9,2766.99609375,-16228.9140625
Lakes,Awerial,57081.0,2014,10,Crisis,24.5,12261.315789473683,-2231.6052631578946
Lakes,Awerial,58123.0,2015,1,Stressed,10.5,12261.315789473683,-2231.6052631578946
Lakes,Awerial,58123.0,2015,4,Crisis,20.6,12261.315789473683,-2231.6052631578946
Lakes,Awerial,58123.0,2015,5,Crisis,44.7,12261.315789473683,-2231.6052631578946
Lakes,Awerial,58123.0,2015,8,Crisis,46.5,12261.315789473683,-2231.6052631578946
Lakes,Awerial,58123.0,2015,10,Crisis,25.8,12261.315789473683,-2231.6052631578946
Lakes,Awerial,59166.0,2016,1,Stressed,10.3,8258.0,-4000.0
Lakes,Awerial,59166.0,2016,4,Stressed,10.1,8258.0,-4000.0
Lakes,Awerial,59166.0,2016,5,Stressed,15.2,8258.0,-4000.0
Lakes,Awerial,59166.0,2016,8,Stressed,15.2,8258.0,-4000.0
Lakes,Awerial,59166.0,2016,10,Stressed,16.9,8258.0,-4000.0
Lakes,Awerial,60209.0,2017,1,Stressed,5.1,5833.0,-827.0
Lakes,Awerial,60209.0,2017,2,Stressed,14.9,5833.0,-827.0
Lakes,Awerial,60209.0,2017,5,Stressed,14.9,5833.0,-827.0
Lakes,Awerial,60209.0,2017,6,Crisis,39.9,5833.0,-827.0
Lakes,Awerial,121487.0,2017,9,Crisis,49.8,5833.0,-827.0
Lakes,Awerial,121487.0,2017,10,Emergency,49.4,5833.0,-827.0
Lakes,Awerial,146865.0,2018,1,Crisis,19.8,11128.0,-2636.0
Lakes,Awerial,146865.0,2018,2,Crisis,44.9,11128.0,-2636.0
Lakes,Awerial,146865.0,2018,5,Emergency,54.5,11128.0,-2636.0
Lakes,Awerial,146865.0,2018,9,Emergency,65.4,11128.0,-2636.0
Lakes,Awerial,146865.0,2018,10,Emergency,79.7,11128.0,-2636.0
Lakes,Awerial,152402.0,2019,1,Emergency,64.7,13452.0,-3188.0
Lakes,Awerial,132875.0,2019,8,Emergency,65.0,13452.0,-3188.0
Lakes,Awerial,132875.0,2019,9,Crisis,50.4,13452.0,-3188.0
Lakes,Awerial,132875.0,2020,1,Crisis,40.6,12564.0,-4703.0
Lakes,Awerial,133840.0,2020,1,Crisis,54.9,12564.0,-4703.0
Lakes,Awerial,132875.0,2020,2,Crisis,50.1,12564.0,-4703.0
Lakes,Awerial,132875.0,2020,5,Crisis,60.2,12564.0,-4703.0
Lakes,Awerial,139638.0,2022,2,Emergency,65.5,10696.0,-7623.0
Lakes,Awerial,139638.0,2022,4,Crisis,50.1,10696.0,-7623.0
Lakes,Awerial,139903.0,2022,10,Crisis,55.1,10696.0,-7623.0
Lakes,Awerial,139903.0,2022,12,Crisis,60.0,10696.0,-7623.0
Lakes,Awerial,139903.0,2023,4,Crisis,55.0,16525.0,-2343.0
Lakes,Awerial,144680.0,2023,9,Emergency,65.0,16525.0,-2343.0
Lakes,Awerial,144680.0,2023,12,Crisis,49.8,16525.0,-2343.0
Lakes,Awerial,144680.0,2024,4,Crisis,44.9,17108.0,716.0
Lakes,Awerial,144100.0,2024,9,Emergency,65.0,17108.0,716.0
Lakes,Awerial,62486.0,2024,12,Crisis,42.3,17108.0,716.0
Lakes,Awerial,63451.0,2025,4,Crisis,40.0,19353.0,3026.0
Lakes,Cueibet,174464.0,2014,10,Crisis,25.2,27524.815789473683,5078.289473684211
Lakes,Cueibet,177652.0,2015,1,Stressed,5.2,27524.815789473683,5078.289473684211
Lakes,Cueibet,177652.0,2015,4,Stressed,15.2,27524.815789473683,5078.289473684211
Lakes,Cueibet,177652.0,2015,5,Crisis,55.2,27524.815789473683,5078.289473684211
Lakes,Cueibet,177652.0,2015,8,Crisis,65.3,27524.815789473683,5078.289473684211
Lakes,Cueibet,177652.0,2015,10,Crisis,40.0,27524.815789473683,5078.289473684211
Lakes,Cueibet,180840.0,2016,1,Stressed,15.2,22104.0,1907.0
Lakes,Cueibet,180840.0,2016,4,Stressed,14.9,22104.0,1907.0
Lakes,Cueibet,180840.0,2016,5,Crisis,29.9,22104.0,1907.0
Lakes,Cueibet,180840.0,2016,8,Crisis,34.8,22104.0,1907.0
Lakes,Cueibet,180840.0,2016,10,Crisis,24.9,22104.0,1907.0
Lakes,Cueibet,184027.0,2017,1,Stressed,14.9,24500.0,4148.0
Lakes,Cueibet,184027.0,2017,2,Stressed,14.7,24500.0,4148.0
Lakes,Cueibet,184027.0,2017,5,Crisis,29.9,24500.0,4148.0
Lakes,Cueibet,184027.0,2017,6,Crisis,25.0,24500.0,4148.0
Lakes,Cueibet,181891.0,2017,9,Crisis,39.7,24500.0,4148.0
Lakes,Cueibet,181891.0,2017,10,Emergency,44.5,24500.0,4148.0
Lakes,Cueibet,187348.0,2018,1,Crisis,29.7,24809.0,4201.0
Lakes,Cueibet,187348.0,2018,2,Crisis,40.0,24809.0,4201.0
Lakes,Cueibet,187348.0,2018,5,Crisis,44.8,24809.0,4201.0
Lakes,Cueibet,187348.0,2018,9,Crisis,44.8,24809.0,4201.0
Lakes,Cueibet,187348.0,2018,10,Emergency,80.1,24809.0,4201.0
Lakes,Cueibet,194411.0,2019,1,Crisis,65.1,21294.0,68.0
Lakes,Cueibet,173715.0,2019,8,Crisis,75.1,21294.0,68.0
Lakes,Cueibet,173715.0,2019,9,Emergency,59.9,21294.0,68.0
Lakes,Cueibet,173715.0,2020,1,Crisis,49.5,26516.0,4489.0
Lakes,Cueibet,176131.0,2020,1,Crisis,59.9,26516.0,4489.0
Lakes,Cueibet,173715.0,2020,2,Crisis,54.5,26516.0,4489.0
Lakes,Cueibet,173715.0,2020,5,Crisis,70.2,26516.0,4489.0
Lakes,Cueibet,183326.0,2022,2,Crisis,74.8,25787.0,2419.0
Lakes,Cueibet,183326.0,2022,4,Emergency,64.9,25787.0,2419.0
Lakes,Cueibet,183675.0,2022,10,Emergency,74.7,25787.0,2419.0
Lakes,Cueibet,183675.0,2022,12,Crisis,60.4,25787.0,2419.0
Lakes,Cueibet,183675.0,2023,4,Crisis,49.5,32328.0,8259.0
Lakes,Cueibet,296845.0,2023,9,Emergency,59.9,32328.0,8259.0
Lakes,Cueibet,296845.0,2023,12,Crisis,55.2,32328.0,8259.0
Lakes,Cueibet,296845.0,2024,4,Crisis,40.1,47431.0,13798.0
Lakes,Cueibet,189185.0,2024,9,Emergency,54.9,47431.0,13798.0
Lakes,Cueibet,156416.0,2024,12,Crisis,49.7,47431.0,13798.0
Lakes,Cueibet,158833.0,2025,4,Crisis,30.0,29253.0,7818.0
Lakes,Rumbek Centre,235054.0,2014,10,Stressed,14.9,13603.605263157897,-14193.736842105263
Lakes,Rumbek Centre,239349.0,2015,1,Stressed,5.1,13603.605263157897,-14193.736842105263
Lakes,Rumbek Centre,239349.0,2015,4,Stressed,10.0,13603.605263157897,-14193.736842105263
Lakes,Rumbek Centre,239349.0,2015,5,Crisis,45.1,13603.605263157897,-14193.736842105263
Lakes,Rumbek Centre,239349.0,2015,8,Crisis,50.6,13603.605263157897,-14193.736842105263
Lakes,Rumbek Centre,239349.0,2015,10,Crisis,25.1,13603.605263157897,-14193.736842105263
Lakes,Rumbek Centre,243644.0,2016,1,Stressed,15.0,9971.0,-16893.0
Lakes,Rumbek Centre,243644.0,2016,4,Stressed,15.2,9971.0,-16893.0
Lakes,Rumbek Centre,243644.0,2016,5,Stressed,15.2,9971.0,-16893.0
Lakes,Rumbek Centre,243644.0,2016,8,Crisis,20.1,9971.0,-16893.0
Lakes,Rumbek Centre,243644.0,2016,10,Crisis,20.1,9971.0,-16893.0
Lakes,Rumbek Centre,247939.0,2017,1,Crisis,20.1,12680.0,-14925.0
Lakes,Rumbek Centre,247939.0,2017,2,Crisis,25.0,12680.0,-14925.0
Lakes,Rumbek Centre,247939.0,2017,5,Crisis,45.2,12680.0,-14925.0
Lakes,Rumbek Centre,247939.0,2017,6,Crisis,30.2,12680.0,-14925.0
Lakes,Rumbek Centre,252179.0,2017,9,Crisis,45.2,12680.0,-14925.0
Lakes,Rumbek Centre,252179.0,2017,10,Emergency,39.7,12680.0,-14925.0
Lakes,Rumbek Centre,259745.0,2018,1,Crisis,19.8,11666.0,-16907.0
Lakes,Rumbek Centre,259745.0,2018,2,Crisis,50.0,11666.0,-16907.0
Lakes,Rumbek Centre,259745.0,2018,5,Emergency,50.0,11666.0,-16907.0
Lakes,Rumbek Centre,259745.0,2018,9,Emergency,60.1,11666.0,-16907.0
Lakes,Rumbek Centre,259745.0,2018,10,Crisis,65.1,11666.0,-16907.0
Lakes,Rumbek Centre,269537.0,2019,1,Crisis,50.0,13109.0,-16321.0
Lakes,Rumbek Centre,203118.0,2019,8,Crisis,50.1,13109.0,-16321.0
Lakes,Rumbek Centre,203118.0,2019,9,Crisis,54.6,13109.0,-16321.0
Lakes,Rumbek Centre,203118.0,2020,1,Crisis,44.8,13603.0,-16936.0
Lakes,Rumbek Centre,206269.0,2020,1,Crisis,49.7,13603.0,-16936.0
Lakes,Rumbek Centre,203118.0,2020,2,Crisis,55.3,13603.0,-16936.0
Lakes,Rumbek Centre,203118.0,2020,5,Crisis,54.6,13603.0,-16936.0
Lakes,Rumbek Centre,215607.0,2022,2,Crisis,59.6,13529.0,-18870.0
Lakes,Rumbek Centre,215607.0,2022,4,Crisis,45.0,13529.0,-18870.0
Lakes,Rumbek Centre,216017.0,2022,10,Emergency,59.8,13529.0,-18870.0
Lakes,Rumbek Centre,216017.0,2022,12,Crisis,54.6,13529.0,-18870.0
Lakes,Rumbek Centre,216017.0,2023,4,Crisis,45.4,17316.0,-16055.0
Lakes,Rumbek Centre,134572.0,2023,9,Emergency,59.7,17316.0,-16055.0
Lakes,Rumbek Centre,134572.0,2023,12,Crisis,60.2,17316.0,-16055.0
Lakes,Rumbek Centre,134572.0,2024,4,Crisis,49.8,11036.0,-4211.0
Lakes,Rumbek Centre,222497.0,2024,9,Emergency,60.2,11036.0,-4211.0
Lakes,Rumbek Centre,203964.0,2024,12,Crisis,50.3,11036.0,-4211.0
Lakes,Rumbek Centre,207114.0,2025,4,Crisis,39.7,19221.0,-5989.0
Lakes,Rumbek East,185554.0,2014,10,Stressed,15.1,20011.68421052632,-3483.1052631578946
Lakes,Rumbek East,188945.0,2015,1,Stressed,4.9,20011.68421052632,-3483.1052631578946
Lakes,Rumbek East,188945.0,2015,4,Stressed,10.1,20011.68421052632,-3483.1052631578946
Lakes,Rumbek East,188945.0,2015,5,Crisis,55.0,20011.68421052632,-3483.1052631578946
Lakes,Rumbek East,188945.0,2015,8,Crisis,54.5,20011.68421052632,-3483.1052631578946
Lakes,Rumbek East,188945.0,2015,10,Crisis,24.9,20011.68421052632,-3483.1052631578946
Lakes,Rumbek East,192334.0,2016,1,Stressed,14.8,14397.0,-6891.0
Lakes,Rumbek East,192334.0,2016,4,Stressed,15.1,14397.0,-6891.0
Lakes,Rumbek East,192334.0,2016,5,Stressed,15.1,14397.0,-6891.0
Lakes,Rumbek East,192334.0,2016,8,Stressed,15.1,14397.0,-6891.0
Lakes,Rumbek East,192334.0,2016,10,Crisis,19.8,14397.0,-6891.0
Lakes,Rumbek East,195725.0,2017,1,Stressed,15.1,16790.0,-5001.0
Lakes,Rumbek East,195725.0,2017,2,Stressed,15.3,16790.0,-5001.0
Lakes,Rumbek East,195725.0,2017,5,Crisis,30.1,16790.0,-5001.0
Lakes,Rumbek East,195725.0,2017,6,Crisis,30.1,16790.0,-5001.0
Lakes,Rumbek East,205394.0,2017,9,Crisis,40.4,16790.0,-5001.0
Lakes,Rumbek East,205394.0,2017,10,Emergency,39.9,16790.0,-5001.0
Lakes,Rumbek East,211555.0,2018,1,Crisis,20.0,17931.0,-5340.0
Lakes,Rumbek East,211555.0,2018,2,Crisis,35.0,17931.0,-5340.0
Lakes,Rumbek East,211555.0,2018,5,Crisis,40.2,17931.0,-5340.0
Lakes,Rumbek East,211555.0,2018,9,Emergency,49.6,17931.0,-5340.0
Lakes,Rumbek East,211555.0,2018,10,Emergency,70.0,17931.0,-5340.0
Lakes,Rumbek East,219531.0,2019,1,Crisis,54.8,18468.0,-5501.0
Lakes,Rumbek East,167548.0,2019,8,Crisis,65.1,18468.0,-5501.0
Lakes,Rumbek East,167548.0,2019,9,Emergency,55.5,18468.0,-5501.0
Lakes,Rumbek East,167548.0,2020,1,Crisis,40.0,20762.0,-4111.0
Lakes,Rumbek East,170068.0,2020,1,Crisis,59.7,20762.0,-4111.0
Lakes,Rumbek East,167548.0,2020,2,Crisis,55.3,20762.0,-4111.0
Lakes,Rumbek East,167548.0,2020,5,Crisis,65.1,20762.0,-4111.0
Lakes,Rumbek East,174560.0,2022,2,Emergency,70.4,17602.0,-8786.0
Lakes,Rumbek East,174560.0,2022,4,Crisis,49.8,17602.0,-8786.0
Lakes,Rumbek East,174891.0,2022,10,Emergency,60.2,17602.0,-8786.0
Lakes,Rumbek East,174891.0,2022,12,Crisis,54.9,17602.0,-8786.0
Lakes,Rumbek East,174891.0,2023,4,Crisis,54.9,23560.0,-3619.0
Lakes,Rumbek East,227972.0,2023,9,Emergency,65.2,23560.0,-3619.0
Lakes,Rumbek East,227972.0,2023,12,Crisis,50.0,23560.0,-3619.0
Lakes,Rumbek East,227972.0,2024,4,Crisis,50.0,30693.0,4864.0
Lakes,Rumbek East,180138.0,2024,9,Emergency,65.4,30693.0,4864.0
Lakes,Rumbek East,163160.0,2024,12,Crisis,46.1,30693.0,4864.0
Lakes,Rumbek East,165681.0,2025,4,Crisis,49.6,24549.0,4139.0
Lakes,Rumbek North,53320.0,2014,10,Crisis,20.6,3202.9473684210525,-3940.9736842105262
Lakes,Rumbek North,54294.0,2015,1,Stressed,9.4,3202.9473684210525,-3940.9736842105262
Lakes,Rumbek North,54294.0,2015,4,Stressed,9.2,3202.9473684210525,-3940.9736842105262
Lakes,Rumbek North,54294.0,2015,5,Crisis,55.3,3202.9473684210525,-3940.9736842105262
Lakes,Rumbek North,54294.0,2015,8,Crisis,68.1,3202.9473684210525,-3940.9736842105262
Lakes,Rumbek North,54294.0,2015,10,Crisis,46.0,3202.9473684210525,-3940.9736842105262
Lakes,Rumbek North,55268.0,2016,1,Stressed,14.7,2198.0,-3487.0
Lakes,Rumbek North,55268.0,2016,4,Stressed,14.5,2198.0,-3487.0
Lakes,Rumbek North,55268.0,2016,5,Crisis,25.3,2198.0,-3487.0
Lakes,Rumbek North,55268.0,2016,8,Crisis,30.8,2198.0,-3487.0
Lakes,Rumbek North,55268.0,2016,10,Crisis,25.3,2198.0,-3487.0
Lakes,Rumbek North,56243.0,2017,1,Stressed,14.5,3178.0,-3084.0
Lakes,Rumbek North,56243.0,2017,2,Crisis,24.9,3178.0,-3084.0
Lakes,Rumbek North,56243.0,2017,5,Crisis,39.1,3178.0,-3084.0
Lakes,Rumbek North,56243.0,2017,6,Crisis,30.2,3178.0,-3084.0
Lakes,Rumbek North,59392.0,2017,9,Crisis,40.9,3178.0,-3084.0
Lakes,Rumbek North,59392.0,2017,10,Emergency,50.5,3178.0,-3084.0
Lakes,Rumbek North,61173.0,2018,1,Crisis,40.4,4098.0,-2631.0
Lakes,Rumbek North,61173.0,2018,2,Crisis,49.0,4098.0,-2631.0
Lakes,Rumbek North,61173.0,2018,5,Crisis,53.9,4098.0,-2631.0
Lakes,Rumbek North,61173.0,2018,9,Emergency,65.4,4098.0,-2631.0
Lakes,Rumbek North,61173.0,2018,10,Emergency,68.7,4098.0,-2631.0
Lakes,Rumbek North,63480.0,2019,1,Emergency,53.9,4221.0,-2710.0
Lakes,Rumbek North,70174.0,2019,8,Crisis,61.4,4221.0,-2710.0
Lakes,Rumbek North,70174.0,2019,9,Emergency,59.9,4221.0,-2710.0
Lakes,Rumbek North,70174.0,2020,1,Crisis,39.9,2555.0,-4637.0
Lakes,Rumbek North,71064.0,2020,1,Emergency,71.3,2555.0,-4637.0
Lakes,Rumbek North,70174.0,2020,2,Crisis,54.9,2555.0,-4637.0
Lakes,Rumbek North,70174.0,2020,5,Emergency,75.5,2555.0,-4637.0
Lakes,Rumbek North,72723.0,2022,2,Emergency,75.5,2108.0,-5522.0
Lakes,Rumbek North,72723.0,2022,4,Emergency,64.6,2108.0,-5522.0
Lakes,Rumbek North,72861.0,2022,10,Emergency,75.6,2108.0,-5522.0
Lakes,Rumbek North,72861.0,2022,12,Crisis,64.5,2108.0,-5522.0
Lakes,Rumbek North,72861.0,2023,4,Crisis,60.4,2389.0,-5470.0
Lakes,Rumbek North,73963.0,2023,9,Emergency,64.5,2389.0,-5470.0
Lakes,Rumbek North,73963.0,2023,12,Crisis,64.9,2389.0,-5470.0
Lakes,Rumbek North,73963.0,2024,4,Crisis,59.5,4196.0,-4184.0
Lakes,Rumbek North,75047.0,2024,9,Emergency,64.9,4196.0,-4184.0
Lakes,Rumbek North,57662.0,2024,12,Crisis,41.3,4196.0,-4184.0
Lakes,Rumbek North,58553.0,2025,4,Crisis,50.3,4624.0,-3879.0
Lakes,Wulu,72320.0,2014,10,Minimal,5.5,13790.868421052632,5052.3421052631575
Lakes,Wulu,73642.0,2015,1,Minimal,0.0,13790.868421052632,5052.3421052631575
Lakes,Wulu,73642.0,2015,4,Stressed,5.4,13790.868421052632,5052.3421052631575
Lakes,Wulu,73642.0,2015,5,Stressed,14.9,13790.868421052632,5052.3421052631575
Lakes,Wulu,73642.0,2015,8,Stressed,14.9,13790.868421052632,5052.3421052631575
Lakes,Wulu,73642.0,2015,10,Stressed,14.9,13790.868421052632,5052.3421052631575
Lakes,Wulu,74963.0,2016,1,Minimal,5.4,9766.0,1797.0
Lakes,Wulu,74963.0,2016,4,Stressed,5.3,9766.0,1797.0
Lakes,Wulu,74963.0,2016,5,Stressed,9.3,9766.0,1797.0
Lakes,Wulu,74963.0,2016,8,Stressed,9.3,9766.0,1797.0
Lakes,Wulu,74963.0,2016,10,Stressed,9.3,9766.0,1797.0
Lakes,Wulu,76284.0,2017,1,Minimal,5.3,11103.0,2610.0
Lakes,Wulu,76284.0,2017,2,Minimal,5.2,11103.0,2610.0
Lakes,Wulu,76284.0,2017,5,Stressed,14.4,11103.0,2610.0
Lakes,Wulu,76284.0,2017,6,Stressed,14.4,11103.0,2610.0
Lakes,Wulu,68164.0,2017,9,Stressed,14.4,11103.0,2610.0
Lakes,Wulu,68164.0,2017,10,Crisis,24.9,11103.0,2610.0
Lakes,Wulu,74568.0,2018,1,Stressed,14.7,9254.0,1531.0
Lakes,Wulu,74568.0,2018,2,Crisis,25.5,9254.0,1531.0
Lakes,Wulu,74568.0,2018,5,Crisis,29.5,9254.0,1531.0
Lakes,Wulu,74568.0,2018,9,Crisis,40.2,9254.0,1531.0
Lakes,Wulu,74568.0,2018,10,Crisis,59.0,9254.0,1531.0
Lakes,Wulu,77379.0,2019,1,Crisis,34.9,11044.0,2595.0
Lakes,Wulu,82446.0,2019,8,Crisis,29.7,11044.0,2595.0
Lakes,Wulu,82446.0,2019,9,Crisis,44.9,11044.0,2595.0
Lakes,Wulu,82446.0,2020,1,Stressed,14.6,13371.0,4604.0
Lakes,Wulu,83278.0,2020,1,Stressed,9.7,13371.0,4604.0
Lakes,Wulu,82446.0,2020,2,Stressed,14.4,13371.0,4604.0
Lakes,Wulu,82446.0,2020,5,Stressed,14.6,13371.0,4604.0
Lakes,Wulu,89057.0,2022,2,Crisis,19.4,14269.0,4968.0
Lakes,Wulu,89057.0,2022,4,Crisis,44.9,14269.0,4968.0
Lakes,Wulu,89226.0,2022,10,Crisis,50.5,14269.0,4968.0
Lakes,Wulu,89226.0,2022,12,Crisis,44.8,14269.0,4968.0
Lakes,Wulu,89226.0,2023,4,Crisis,39.2,15828.0,6248.0
Lakes,Wulu,69428.0,2023,9,Crisis,54.9,15828.0,6248.0
Lakes,Wulu,69428.0,2023,12,Crisis,54.7,15828.0,6248.0
Lakes,Wulu,69428.0,2024,4,Crisis,44.7,15933.0,8067.0
Lakes,Wulu,91903.0,2024,9,Crisis,49.0,15933.0,8067.0
Lakes,Wulu,53863.0,2024,12,Crisis,40.3,15933.0,8067.0
Lakes,Wulu,54695.0,2025,4,Stressed,14.9,22872.0,12459.0
Lakes,Yirol East,119394.0,2014,10,Crisis,20.1,13509.842105263158,-1202.421052631579
Lakes,Yirol East,121575.0,2015,1,Stressed,5.0,13509.842105263158,-1202.421052631579
Lakes,Yirol East,121575.0,2015,4,Stressed,4.9,13509.842105263158,-1202.421052631579
Lakes,Yirol East,121575.0,2015,5,Crisis,45.2,13509.842105263158,-1202.421052631579
Lakes,Yirol East,121575.0,2015,8,Crisis,50.2,13509.842105263158,-1202.421052631579
Lakes,Yirol East,121575.0,2015,10,Crisis,40.3,13509.842105263158,-1202.421052631579
Lakes,Yirol East,123756.0,2016,1,Stressed,14.8,10449.0,-3804.0
Lakes,Yirol East,123756.0,2016,4,Stressed,9.7,10449.0,-3804.0
Lakes,Yirol East,123756.0,2016,5,Crisis,25.0,10449.0,-3804.0
Lakes,Yirol East,123756.0,2016,8,Crisis,29.9,10449.0,-3804.0
Lakes,Yirol East,123756.0,2016,10,Crisis,25.0,10449.0,-3804.0
Lakes,Yirol East,125938.0,2017,1,Stressed,9.7,11916.0,-2054.0
Lakes,Yirol East,125938.0,2017,2,Stressed,15.1,11916.0,-2054.0
Lakes,Yirol East,125938.0,2017,5,Crisis,39.7,11916.0,-2054.0
Lakes,Yirol East,125938.0,2017,6,Crisis,24.6,11916.0,-2054.0
Lakes,Yirol East,131970.0,2017,9,Crisis,39.7,11916.0,-2054.0
Lakes,Yirol East,131970.0,2017,10,Emergency,50.0,11916.0,-2054.0
Lakes,Yirol East,110778.0,2018,1,Crisis,19.7,12753.0,-2200.0
Lakes,Yirol East,110778.0,2018,2,Crisis,39.7,12753.0,-2200.0
Lakes,Yirol East,110778.0,2018,5,Crisis,50.6,12753.0,-2200.0
Lakes,Yirol East,110778.0,2018,9,Emergency,55.1,12753.0,-2200.0
Lakes,Yirol East,110778.0,2018,10,Emergency,84.9,12753.0,-2200.0
Lakes,Yirol East,114954.0,2019,1,Emergency,69.5,10705.0,-1847.0
Lakes,Yirol East,150222.0,2019,8,Emergency,64.4,10705.0,-1847.0
Lakes,Yirol East,150222.0,2019,9,Emergency,80.5,10705.0,-1847.0
Lakes,Yirol East,150222.0,2020,1,Crisis,50.6,12119.0,-906.0
Lakes,Yirol East,151605.0,2020,1,Crisis,59.9,12119.0,-906.0
Lakes,Yirol East,150222.0,2020,2,Crisis,55.4,12119.0,-906.0
Lakes,Yirol East,150222.0,2020,5,Emergency,65.2,12119.0,-906.0
Lakes,Yirol East,160371.0,2022,2,Emergency,75.2,10714.0,-3104.0
Lakes,Yirol East,160371.0,2022,4,Crisis,44.9,10714.0,-3104.0
Lakes,Yirol East,160675.0,2022,10,Emergency,54.9,10714.0,-3104.0
Lakes,Yirol East,160675.0,2022,12,Crisis,54.8,10714.0,-3104.0
Lakes,Yirol East,160675.0,2023,4,Crisis,54.8,13596.0,-636.0
Lakes,Yirol East,136988.0,2023,9,Emergency,64.7,13596.0,-636.0
Lakes,Yirol East,136988.0,2023,12,Crisis,45.3,13596.0,-636.0
Lakes,Yirol East,136988.0,2024,4,Crisis,45.3,18235.0,2714.0
Lakes,Yirol East,165495.0,2024,9,Emergency,54.7,18235.0,2714.0
Lakes,Yirol East,89531.0,2024,12,Crisis,45.3,18235.0,2714.0
Lakes,Yirol East,90915.0,2025,4,Crisis,34.6,22544.0,3793.0
Lakes,Yirol West,158658.0,2014,10,Stressed,15.1,25190.947368421053,5297.526315789473
Lakes,Yirol West,161556.0,2015,1,Stressed,5.0,25190.947368421053,5297.526315789473
Lakes,Yirol West,161556.0,2015,4,Stressed,5.0,25190.947368421053,5297.526315789473
Lakes,Yirol West,161556.0,2015,5,Crisis,55.1,25190.947368421053,5297.526315789473
Lakes,Yirol West,161556.0,2015,8,Crisis,47.0,25190.947368421053,5297.526315789473
Lakes,Yirol West,161556.0,2015,10,Crisis,24.8,25190.947368421053,5297.526315789473
Lakes,Yirol West,164455.0,2016,1,Stressed,14.9,14121.0,-3773.0
Lakes,Yirol West,164455.0,2016,4,Stressed,9.7,14121.0,-3773.0
Lakes,Yirol West,164455.0,2016,5,Crisis,29.8,14121.0,-3773.0
Lakes,Yirol West,164455.0,2016,8,Crisis,24.9,14121.0,-3773.0
Lakes,Yirol West,164455.0,2016,10,Crisis,20.1,14121.0,-3773.0
Lakes,Yirol West,167354.0,2017,1,Stressed,9.7,20209.0,1585.0
Lakes,Yirol West,167354.0,2017,2,Stressed,14.9,20209.0,1585.0
Lakes,Yirol West,167354.0,2017,5,Stressed,14.9,20209.0,1585.0
Lakes,Yirol West,167354.0,2017,6,Crisis,24.5,20209.0,1585.0
Lakes,Yirol West,168679.0,2017,9,Crisis,29.9,20209.0,1585.0
Lakes,Yirol West,168679.0,2017,10,Emergency,40.3,20209.0,1585.0
Lakes,Yirol West,173739.0,2018,1,Crisis,20.2,20738.0,1626.0
Lakes,Yirol West,173739.0,2018,2,Crisis,40.3,20738.0,1626.0
Lakes,Yirol West,173739.0,2018,5,Crisis,44.9,20738.0,1626.0
Lakes,Yirol West,173739.0,2018,9,Emergency,59.9,20738.0,1626.0
Lakes,Yirol West,173739.0,2018,10,Emergency,75.4,20738.0,1626.0
Lakes,Yirol West,180289.0,2019,1,Crisis,59.9,23302.0,3617.0
Lakes,Yirol West,157655.0,2019,8,Crisis,54.9,23302.0,3617.0
Lakes,Yirol West,157655.0,2019,9,Emergency,55.2,23302.0,3617.0
Lakes,Yirol West,157655.0,2020,1,Crisis,34.9,28210.0,7783.0
Lakes,Yirol West,159773.0,2020,1,Crisis,40.0,28210.0,7783.0
Lakes,Yirol West,157655.0,2020,2,Crisis,50.1,28210.0,7783.0
Lakes,Yirol West,157655.0,2020,5,Crisis,45.0,28210.0,7783.0
Lakes,Yirol West,174472.0,2022,2,Crisis,60.3,26639.0,4968.0
Lakes,Yirol West,174472.0,2022,4,Crisis,55.0,26639.0,4968.0
Lakes,Yirol West,174804.0,2022,10,Emergency,65.3,26639.0,4968.0
Lakes,Yirol West,174804.0,2022,12,Crisis,60.1,26639.0,4968.0
Lakes,Yirol West,174804.0,2023,4,Crisis,54.9,30826.0,8504.0
Lakes,Yirol West,181026.0,2023,9,Emergency,60.1,30826.0,8504.0
Lakes,Yirol West,181026.0,2023,12,Crisis,49.7,30826.0,8504.0
Lakes,Yirol West,181026.0,2024,4,Crisis,54.7,34862.0,14351.0
Lakes,Yirol West,180048.0,2024,9,Emergency,59.7,34862.0,14351.0
Lakes,Yirol West,137069.0,2024,12,Crisis,41.1,34862.0,14351.0
Lakes,Yirol West,139187.0,2025,4,Crisis,50.3,33171.0,12771.0
Northern Bahr El Ghazal,Aweil Centre,106524.0,2014,10,Stressed,13.1,9772.105263157897,-2646.1052631578946
Northern Bahr El Ghazal,Aweil Centre,108470.0,2015,1,Stressed,9.4,9772.105263157897,-2646.1052631578946
Northern Bahr El Ghazal,Aweil Centre,108470.0,2015,4,Stressed,18.4,9772.105263157897,-2646.1052631578946
Northern Bahr El Ghazal,Aweil Centre,108470.0,2015,5,Stressed,13.8,9772.105263157897,-2646.1052631578946
Northern Bahr El Ghazal,Aweil Centre,108470.0,2015,8,Crisis,54.4,9772.105263157897,-2646.1052631578946
Northern Bahr El Ghazal,Aweil Centre,108470.0,2015,10,Crisis,36.0,9772.105263157897,-2646.1052631578946
Northern Bahr El Ghazal,Aweil Centre,110416.0,2016,1,Stressed,10.1,11248.0,-883.0
Northern Bahr El Ghazal,Aweil Centre,110416.0,2016,4,Stressed,9.1,11248.0,-883.0
Northern Bahr El Ghazal,Aweil Centre,110416.0,2016,5,Crisis,55.2,11248.0,-883.0
Northern Bahr El Ghazal,Aweil Centre,110416.0,2016,8,Emergency,62.5,11248.0,-883.0
Northern Bahr El Ghazal,Aweil Centre,110416.0,2016,10,Emergency,63.4,11248.0,-883.0
Northern Bahr El Ghazal,Aweil Centre,112363.0,2017,1,Crisis,45.3,11311.0,-1419.0
Northern Bahr El Ghazal,Aweil Centre,112363.0,2017,2,Crisis,20.5,11311.0,-1419.0
Northern Bahr El Ghazal,Aweil Centre,112363.0,2017,5,Crisis,55.2,11311.0,-1419.0
Northern Bahr El Ghazal,Aweil Centre,112363.0,2017,6,Crisis,54.3,11311.0,-1419.0
Northern Bahr El Ghazal,Aweil Centre,106751.0,2017,9,Crisis,29.4,11311.0,-1419.0
Northern Bahr El Ghazal,Aweil Centre,106751.0,2017,10,Crisis,55.3,11311.0,-1419.0
Northern Bahr El Ghazal,Aweil Centre,109954.0,2018,1,Crisis,50.6,10279.0,-1816.0
Northern Bahr El Ghazal,Aweil Centre,109954.0,2018,2,Crisis,49.1,10279.0,-1816.0
Northern Bahr El Ghazal,Aweil Centre,109954.0,2018,5,Crisis,54.6,10279.0,-1816.0
Northern Bahr El Ghazal,Aweil Centre,109954.0,2018,9,Emergency,60.0,10279.0,-1816.0
Northern Bahr El Ghazal,Aweil Centre,109954.0,2018,10,Crisis,40.0,10279.0,-1816.0
Northern Bahr El Ghazal,Aweil Centre,114099.0,2019,1,Stressed,14.6,9144.0,-3314.0
Northern Bahr El Ghazal,Aweil Centre,79060.0,2019,8,Crisis,39.4,9144.0,-3314.0
Northern Bahr El Ghazal,Aweil Centre,79060.0,2019,9,Crisis,60.7,9144.0,-3314.0
Northern Bahr El Ghazal,Aweil Centre,79060.0,2020,1,Crisis,40.5,6689.0,-6239.0
Northern Bahr El Ghazal,Aweil Centre,79918.0,2020,1,Crisis,45.5,6689.0,-6239.0
Northern Bahr El Ghazal,Aweil Centre,79060.0,2020,2,Crisis,50.1,6689.0,-6239.0
Northern Bahr El Ghazal,Aweil Centre,79060.0,2020,5,Crisis,55.7,6689.0,-6239.0
Northern Bahr El Ghazal,Aweil Centre,75973.0,2022,2,Crisis,60.7,9537.0,-4178.0
Northern Bahr El Ghazal,Aweil Centre,75973.0,2022,4,Crisis,46.1,9537.0,-4178.0
Northern Bahr El Ghazal,Aweil Centre,76117.0,2022,10,Crisis,59.2,9537.0,-4178.0
Northern Bahr El Ghazal,Aweil Centre,76117.0,2022,12,Emergency,64.4,9537.0,-4178.0
Northern Bahr El Ghazal,Aweil Centre,76117.0,2023,4,Crisis,53.9,10914.0,-3212.0
Northern Bahr El Ghazal,Aweil Centre,124989.0,2023,9,Emergency,69.6,10914.0,-3212.0
Northern Bahr El Ghazal,Aweil Centre,124989.0,2023,12,Crisis,24.8,10914.0,-3212.0
Northern Bahr El Ghazal,Aweil Centre,124989.0,2024,4,Crisis,29.6,10638.0,-3523.0
Northern Bahr El Ghazal,Aweil Centre,78400.0,2024,9,Crisis,34.4,10638.0,-3523.0
Northern Bahr El Ghazal,Aweil Centre,55560.0,2024,12,Crisis,42.1,10638.0,-3523.0
Northern Bahr El Ghazal,Aweil Centre,56418.0,2025,4,Crisis,19.8,7647.0,-1236.0
Northern Bahr El Ghazal,Aweil East,529098.0,2014,10,Stressed,14.9,35493.07894736842,-27439.13157894737
Northern Bahr El Ghazal,Aweil East,538765.0,2015,1,Stressed,14.9,35493.07894736842,-27439.13157894737
Northern Bahr El Ghazal,Aweil East,538765.0,2015,4,Crisis,25.1,35493.07894736842,-27439.13157894737
Northern Bahr El Ghazal,Aweil East,538765.0,2015,5,Stressed,15.0,35493.07894736842,-27439.13157894737
Northern Bahr El Ghazal,Aweil East,538765.0,2015,8,Crisis,60.0,35493.07894736842,-27439.13157894737
Northern Bahr El Ghazal,Aweil East,538765.0,2015,10,Crisis,35.1,35493.07894736842,-27439.13157894737
Northern Bahr El Ghazal,Aweil East,548433.0,2016,1,Stressed,10.0,39722.0,-21100.0
Northern Bahr El Ghazal,Aweil East,548433.0,2016,4,Stressed,10.0,39722.0,-21100.0
Northern Bahr El Ghazal,Aweil East,548433.0,2016,5,Emergency,50.1,39722.0,-21100.0
Northern Bahr El Ghazal,Aweil East,548433.0,2016,8,Emergency,50.1,39722.0,-21100.0
Northern Bahr El Ghazal,Aweil East,548433.0,2016,10,Emergency,70.0,39722.0,-21100.0
Northern Bahr El Ghazal,Aweil East,558099.0,2017,1,Emergency,50.1,37965.0,-23586.0
Northern Bahr El Ghazal,Aweil East,558099.0,2017,2,Crisis,55.0,37965.0,-23586.0
Northern Bahr El Ghazal,Aweil East,558099.0,2017,5,Emergency,65.0,37965.0,-23586.0
Northern Bahr El Ghazal,Aweil East,558099.0,2017,6,Emergency,75.1,37965.0,-23586.0
Northern Bahr El Ghazal,Aweil East,534909.0,2017,9,Emergency,79.9,37965.0,-23586.0
Northern Bahr El Ghazal,Aweil East,534909.0,2017,10,Crisis,55.0,37965.0,-23586.0
Northern Bahr El Ghazal,Aweil East,550956.0,2018,1,Crisis,50.1,40711.0,-19894.0
Northern Bahr El Ghazal,Aweil East,550956.0,2018,2,Crisis,50.1,40711.0,-19894.0
Northern Bahr El Ghazal,Aweil East,550956.0,2018,5,Crisis,65.0,40711.0,-19894.0
Northern Bahr El Ghazal,Aweil East,550956.0,2018,9,Emergency,79.9,40711.0,-19894.0
Northern Bahr El Ghazal,Aweil East,550956.0,2018,10,Emergency,60.1,40711.0,-19894.0
Northern Bahr El Ghazal,Aweil East,571728.0,2019,1,Crisis,45.0,41933.0,-20490.0
Northern Bahr El Ghazal,Aweil East,335201.0,2019,8,Emergency,60.0,41933.0,-20490.0
Northern Bahr El Ghazal,Aweil East,335201.0,2019,9,Emergency,60.0,41933.0,-20490.0
Northern Bahr El Ghazal,Aweil East,335201.0,2020,1,Crisis,50.1,34918.0,-29858.0
Northern Bahr El Ghazal,Aweil East,341561.0,2020,1,Crisis,60.3,34918.0,-29858.0
Northern Bahr El Ghazal,Aweil East,335201.0,2020,2,Crisis,55.0,34918.0,-29858.0
Northern Bahr El Ghazal,Aweil East,335201.0,2020,5,Crisis,65.0,34918.0,-29858.0
Northern Bahr El Ghazal,Aweil East,344885.0,2022,2,Emergency,65.0,41676.0,-27045.0
Northern Bahr El Ghazal,Aweil East,344885.0,2022,4,Emergency,60.0,41676.0,-27045.0
Northern Bahr El Ghazal,Aweil East,345540.0,2022,10,Emergency,69.9,41676.0,-27045.0
Northern Bahr El Ghazal,Aweil East,345540.0,2022,12,Emergency,65.1,41676.0,-27045.0
Northern Bahr El Ghazal,Aweil East,345540.0,2023,4,Emergency,59.9,31300.0,-39483.0
Northern Bahr El Ghazal,Aweil East,807040.0,2023,9,Emergency,75.0,31300.0,-39483.0
Northern Bahr El Ghazal,Aweil East,807040.0,2023,12,Emergency,49.9,31300.0,-39483.0
Northern Bahr El Ghazal,Aweil East,807040.0,2024,4,Emergency,54.9,34213.0,-57224.0
Northern Bahr El Ghazal,Aweil East,355906.0,2024,9,Emergency,64.9,34213.0,-57224.0
Northern Bahr El Ghazal,Aweil East,411674.0,2024,12,Emergency,60.1,34213.0,-57224.0
Northern Bahr El Ghazal,Aweil East,418034.0,2025,4,Crisis,40.1,16460.0,-23864.0
Northern Bahr El Ghazal,Aweil North,267215.0,2014,10,Stressed,10.1,26730.657894736843,-4246.684210526316
Northern Bahr El Ghazal,Aweil North,272097.0,2015,1,Stressed,15.0,26730.657894736843,-4246.684210526316
Northern Bahr El Ghazal,Aweil North,272097.0,2015,4,Crisis,25.0,26730.657894736843,-4246.684210526316
Northern Bahr El Ghazal,Aweil North,272097.0,2015,5,Crisis,50.0,26730.657894736843,-4246.684210526316
Northern Bahr El Ghazal,Aweil North,272097.0,2015,8,Crisis,55.1,26730.657894736843,-4246.684210526316
Northern Bahr El Ghazal,Aweil North,272097.0,2015,10,Crisis,34.9,26730.657894736843,-4246.684210526316
Northern Bahr El Ghazal,Aweil North,276979.0,2016,1,Stressed,9.9,22784.0,-8214.0
Northern Bahr El Ghazal,Aweil North,276979.0,2016,4,Stressed,10.1,22784.0,-8214.0
Northern Bahr El Ghazal,Aweil North,276979.0,2016,5,Emergency,49.8,22784.0,-8214.0
Northern Bahr El Ghazal,Aweil North,276979.0,2016,8,Emergency,59.9,22784.0,-8214.0
Northern Bahr El Ghazal,Aweil North,276979.0,2016,10,Emergency,70.0,22784.0,-8214.0
Northern Bahr El Ghazal,Aweil North,281861.0,2017,1,Emergency,70.0,28694.0,575.0
Northern Bahr El Ghazal,Aweil North,281861.0,2017,2,Crisis,55.0,28694.0,575.0
Northern Bahr El Ghazal,Aweil North,281861.0,2017,5,Crisis,55.0,28694.0,575.0
Northern Bahr El Ghazal,Aweil North,281861.0,2017,6,Emergency,60.0,28694.0,575.0
Northern Bahr El Ghazal,Aweil North,272120.0,2017,9,Emergency,70.2,28694.0,575.0
Northern Bahr El Ghazal,Aweil North,272120.0,2017,10,Crisis,59.9,28694.0,575.0
Northern Bahr El Ghazal,Aweil North,280284.0,2018,1,Crisis,55.1,29611.0,-1220.0
Northern Bahr El Ghazal,Aweil North,280284.0,2018,2,Crisis,54.9,29611.0,-1220.0
Northern Bahr El Ghazal,Aweil North,280284.0,2018,5,Crisis,59.9,29611.0,-1220.0
Northern Bahr El Ghazal,Aweil North,280284.0,2018,9,Emergency,69.9,29611.0,-1220.0
Northern Bahr El Ghazal,Aweil North,280284.0,2018,10,Crisis,45.0,29611.0,-1220.0
Northern Bahr El Ghazal,Aweil North,290850.0,2019,1,Crisis,35.0,34856.0,3100.0
Northern Bahr El Ghazal,Aweil North,158880.0,2019,8,Crisis,50.2,34856.0,3100.0
Northern Bahr El Ghazal,Aweil North,158880.0,2019,9,Emergency,55.4,34856.0,3100.0
Northern Bahr El Ghazal,Aweil North,158880.0,2020,1,Crisis,40.3,25836.0,-7117.0
Northern Bahr El Ghazal,Aweil North,161529.0,2020,1,Emergency,60.4,25836.0,-7117.0
Northern Bahr El Ghazal,Aweil North,158880.0,2020,2,Crisis,60.1,25836.0,-7117.0
Northern Bahr El Ghazal,Aweil North,158880.0,2020,5,Emergency,65.5,25836.0,-7117.0
Northern Bahr El Ghazal,Aweil North,168493.0,2022,2,Emergency,65.5,30740.0,-4220.0
Northern Bahr El Ghazal,Aweil North,168493.0,2022,4,Crisis,54.6,30740.0,-4220.0
Northern Bahr El Ghazal,Aweil North,168813.0,2022,10,Emergency,59.9,30740.0,-4220.0
Northern Bahr El Ghazal,Aweil North,168813.0,2022,12,Emergency,59.8,30740.0,-4220.0
Northern Bahr El Ghazal,Aweil North,168813.0,2023,4,Emergency,55.1,26663.0,-9346.0
Northern Bahr El Ghazal,Aweil North,362131.0,2023,9,Emergency,70.5,26663.0,-9346.0
Northern Bahr El Ghazal,Aweil North,362131.0,2023,12,Crisis,45.0,26663.0,-9346.0
Northern Bahr El Ghazal,Aweil North,362131.0,2024,4,Crisis,50.0,30157.0,-10872.0
Northern Bahr El Ghazal,Aweil North,173877.0,2024,9,Emergency,55.0,30157.0,-10872.0
Northern Bahr El Ghazal,Aweil North,171522.0,2024,12,Emergency,65.0,30157.0,-10872.0
Northern Bahr El Ghazal,Aweil North,174172.0,2025,4,Crisis,44.9,14244.0,-5456.0
Northern Bahr El Ghazal,Aweil South,144638.0,2014,10,Stressed,15.2,12197.236842105263,-5564.394736842105
Northern Bahr El Ghazal,Aweil South,147280.0,2015,1,Stressed,15.2,12197.236842105263,-5564.394736842105
Northern Bahr El Ghazal,Aweil South,147280.0,2015,4,Crisis,25.1,12197.236842105263,-5564.394736842105
Northern Bahr El Ghazal,Aweil South,147280.0,2015,5,Crisis,50.2,12197.236842105263,-5564.394736842105
Northern Bahr El Ghazal,Aweil South,147280.0,2015,8,Crisis,55.0,12197.236842105263,-5564.394736842105
Northern Bahr El Ghazal,Aweil South,147280.0,2015,10,Crisis,40.1,12197.236842105263,-5564.394736842105
Northern Bahr El Ghazal,Aweil South,149923.0,2016,1,Stressed,10.2,14044.0,-2672.0
Northern Bahr El Ghazal,Aweil South,149923.0,2016,4,Stressed,10.0,14044.0,-2672.0
Northern Bahr El Ghazal,Aweil South,149923.0,2016,5,Emergency,50.0,14044.0,-2672.0
Northern Bahr El Ghazal,Aweil South,149923.0,2016,8,Emergency,54.7,14044.0,-2672.0
Northern Bahr El Ghazal,Aweil South,149923.0,2016,10,Emergency,69.4,14044.0,-2672.0
Northern Bahr El Ghazal,Aweil South,152565.0,2017,1,Crisis,49.4,12938.0,-1941.0
Northern Bahr El Ghazal,Aweil South,152565.0,2017,2,Crisis,55.1,12938.0,-1941.0
Northern Bahr El Ghazal,Aweil South,152565.0,2017,5,Emergency,50.5,12938.0,-1941.0
Northern Bahr El Ghazal,Aweil South,152565.0,2017,6,Emergency,64.9,12938.0,-1941.0
Northern Bahr El Ghazal,Aweil South,145484.0,2017,9,Emergency,70.1,12938.0,-1941.0
Northern Bahr El Ghazal,Aweil South,145484.0,2017,10,Crisis,70.1,12938.0,-1941.0
Northern Bahr El Ghazal,Aweil South,149848.0,2018,1,Crisis,65.3,16195.0,-288.0
Northern Bahr El Ghazal,Aweil South,149848.0,2018,2,Crisis,64.7,16195.0,-288.0
Northern Bahr El Ghazal,Aweil South,149848.0,2018,5,Crisis,64.7,16195.0,-288.0
Northern Bahr El Ghazal,Aweil South,149848.0,2018,9,Emergency,70.1,16195.0,-288.0
Northern Bahr El Ghazal,Aweil South,149848.0,2018,10,Crisis,54.7,16195.0,-288.0
Northern Bahr El Ghazal,Aweil South,155498.0,2019,1,Crisis,39.4,13420.0,-3558.0
Northern Bahr El Ghazal,Aweil South,138460.0,2019,8,Crisis,54.7,13420.0,-3558.0
Northern Bahr El Ghazal,Aweil South,138460.0,2019,9,Emergency,59.9,13420.0,-3558.0
Northern Bahr El Ghazal,Aweil South,138460.0,2020,1,Crisis,49.8,11274.0,-6344.0
Northern Bahr El Ghazal,Aweil South,139975.0,2020,1,Crisis,49.8,11274.0,-6344.0
Northern Bahr El Ghazal,Aweil South,138460.0,2020,2,Emergency,65.0,11274.0,-6344.0
Northern Bahr El Ghazal,Aweil South,138460.0,2020,5,Crisis,54.9,11274.0,-6344.0
Northern Bahr El Ghazal,Aweil South,141948.0,2022,2,Emergency,59.9,9234.0,-9457.0
Northern Bahr El Ghazal,Aweil South,141948.0,2022,4,Crisis,59.9,9234.0,-9457.0
Northern Bahr El Ghazal,Aweil South,142217.0,2022,10,Emergency,69.7,9234.0,-9457.0
Northern Bahr El Ghazal,Aweil South,142217.0,2022,12,Emergency,64.7,9234.0,-9457.0
Northern Bahr El Ghazal,Aweil South,142217.0,2023,4,Crisis,54.8,9891.0,-9361.0
Northern Bahr El Ghazal,Aweil South,239810.0,2023,9,Emergency,65.4,9891.0,-9361.0
Northern Bahr El Ghazal,Aweil South,239810.0,2023,12,Emergency,50.0,9891.0,-9361.0
Northern Bahr El Ghazal,Aweil South,239810.0,2024,4,Emergency,55.0,13794.0,-13376.0
Northern Bahr El Ghazal,Aweil South,146484.0,2024,9,Emergency,60.0,13794.0,-13376.0
Northern Bahr El Ghazal,Aweil South,98038.0,2024,12,Crisis,49.8,13794.0,-13376.0
Northern Bahr El Ghazal,Aweil South,99552.0,2025,4,Crisis,50.0,7715.0,-8882.0
Northern Bahr El Ghazal,Aweil West,296947.0,2014,10,Stressed,10.1,32193.34210526316,-3005.5789473684213
Northern Bahr El Ghazal,Aweil West,302371.0,2015,1,Stressed,5.1,32193.34210526316,-3005.5789473684213
Northern Bahr El Ghazal,Aweil West,302371.0,2015,4,Crisis,19.8,32193.34210526316,-3005.5789473684213
Northern Bahr El Ghazal,Aweil West,302371.0,2015,5,Crisis,59.9,32193.34210526316,-3005.5789473684213
Northern Bahr El Ghazal,Aweil West,302371.0,2015,8,Crisis,64.8,32193.34210526316,-3005.5789473684213
Northern Bahr El Ghazal,Aweil West,302371.0,2015,10,Crisis,40.0,32193.34210526316,-3005.5789473684213
Northern Bahr El Ghazal,Aweil West,307797.0,2016,1,Stressed,10.6,32407.0,-2251.0
Northern Bahr El Ghazal,Aweil West,307797.0,2016,4,Stressed,10.1,32407.0,-2251.0
Northern Bahr El Ghazal,Aweil West,307797.0,2016,5,Crisis,44.8,32407.0,-2251.0
Northern Bahr El Ghazal,Aweil West,307797.0,2016,8,Emergency,60.1,32407.0,-2251.0
Northern Bahr El Ghazal,Aweil West,307797.0,2016,10,Emergency,70.2,32407.0,-2251.0
Northern Bahr El Ghazal,Aweil West,313222.0,2017,1,Emergency,70.2,33286.0,-2091.0
Northern Bahr El Ghazal,Aweil West,313222.0,2017,2,Crisis,54.9,33286.0,-2091.0
Northern Bahr El Ghazal,Aweil West,313222.0,2017,5,Emergency,60.0,33286.0,-2091.0
Northern Bahr El Ghazal,Aweil West,313222.0,2017,6,Emergency,65.1,33286.0,-2091.0
Northern Bahr El Ghazal,Aweil West,301863.0,2017,9,Emergency,64.8,33286.0,-2091.0
Northern Bahr El Ghazal,Aweil West,301863.0,2017,10,Crisis,64.9,33286.0,-2091.0
Northern Bahr El Ghazal,Aweil West,310919.0,2018,1,Crisis,60.0,32320.0,-1881.0
Northern Bahr El Ghazal,Aweil West,310919.0,2018,2,Crisis,60.1,32320.0,-1881.0
Northern Bahr El Ghazal,Aweil West,310919.0,2018,5,Emergency,69.8,32320.0,-1881.0
Northern Bahr El Ghazal,Aweil West,310919.0,2018,9,Emergency,74.9,32320.0,-1881.0
Northern Bahr El Ghazal,Aweil West,310919.0,2018,10,Crisis,55.0,32320.0,-1881.0
Northern Bahr El Ghazal,Aweil West,322640.0,2019,1,Crisis,45.0,35127.0,-100.0
Northern Bahr El Ghazal,Aweil West,235304.0,2019,8,Emergency,55.2,35127.0,-100.0
Northern Bahr El Ghazal,Aweil West,235304.0,2019,9,Emergency,59.9,35127.0,-100.0
Northern Bahr El Ghazal,Aweil West,235304.0,2020,1,Crisis,50.1,26704.0,-9851.0
Northern Bahr El Ghazal,Aweil West,238714.0,2020,1,Crisis,50.1,26704.0,-9851.0
Northern Bahr El Ghazal,Aweil West,235304.0,2020,2,Crisis,59.9,26704.0,-9851.0
Northern Bahr El Ghazal,Aweil West,235304.0,2020,5,Crisis,55.2,26704.0,-9851.0
Northern Bahr El Ghazal,Aweil West,203857.0,2022,2,Emergency,65.0,31163.0,-7618.0
Northern Bahr El Ghazal,Aweil West,203857.0,2022,4,Crisis,55.4,31163.0,-7618.0
Northern Bahr El Ghazal,Aweil West,204245.0,2022,10,Emergency,65.2,31163.0,-7618.0
Northern Bahr El Ghazal,Aweil West,204245.0,2022,12,Emergency,54.8,31163.0,-7618.0
Northern Bahr El Ghazal,Aweil West,204245.0,2023,4,Crisis,55.3,37934.0,-2011.0
Northern Bahr El Ghazal,Aweil West,390371.0,2023,9,Emergency,65.1,37934.0,-2011.0
Northern Bahr El Ghazal,Aweil West,390371.0,2023,12,Crisis,45.1,37934.0,-2011.0
Northern Bahr El Ghazal,Aweil West,390371.0,2024,4,Crisis,50.2,38260.0,-5969.0
Northern Bahr El Ghazal,Aweil West,210372.0,2024,9,Emergency,55.1,38260.0,-5969.0
Northern Bahr El Ghazal,Aweil West,220789.0,2024,12,Crisis,49.4,38260.0,-5969.0
Northern Bahr El Ghazal,Aweil West,224200.0,2025,4,Crisis,39.9,25247.0,1412.0
Unity,Abiemnhom,23369.0,2014,10,Crisis,21.4,464.5,-1946.684210526316
Unity,Abiemnhom,23796.0,2015,1,Stressed,17.1,464.5,-1946.684210526316
Unity,Abiemnhom,23796.0,2015,4,Crisis,37.8,464.5,-1946.684210526316
Unity,Abiemnhom,23796.0,2015,5,Stressed,12.6,464.5,-1946.684210526316
Unity,Abiemnhom,23796.0,2015,8,Stressed,12.6,464.5,-1946.684210526316
Unity,Abiemnhom,23796.0,2015,10,Crisis,42.0,464.5,-1946.684210526316
Unity,Abiemnhom,24223.0,2016,1,Emergency,100.9,194.0,-1389.0
Unity,Abiemnhom,24223.0,2016,4,Stressed,8.3,194.0,-1389.0
Unity,Abiemnhom,24223.0,2016,5,Crisis,41.3,194.0,-1389.0
Unity,Abiemnhom,24223.0,2016,8,Crisis,49.5,194.0,-1389.0
Unity,Abiemnhom,24223.0,2016,10,Stressed,16.5,194.0,-1389.0
Unity,Abiemnhom,24650.0,2017,1,Stressed,8.3,259.0,-1861.0
Unity,Abiemnhom,24650.0,2017,2,Crisis,20.3,259.0,-1861.0
Unity,Abiemnhom,24650.0,2017,5,Crisis,24.3,259.0,-1861.0
Unity,Abiemnhom,24650.0,2017,6,Crisis,36.5,259.0,-1861.0
Unity,Abiemnhom,22970.0,2017,9,Crisis,44.6,259.0,-1861.0
Unity,Abiemnhom,22970.0,2017,10,Stressed,13.1,259.0,-1861.0
Unity,Abiemnhom,28976.0,2018,1,Stressed,8.7,246.0,-1764.0
Unity,Abiemnhom,28976.0,2018,2,Stressed,17.3,246.0,-1764.0
Unity,Abiemnhom,28976.0,2018,5,Crisis,27.6,246.0,-1764.0
Unity,Abiemnhom,28976.0,2018,9,Crisis,44.9,246.0,-1764.0
Unity,Abiemnhom,28976.0,2018,10,Crisis,48.3,246.0,-1764.0
Unity,Abiemnhom,30068.0,2019,1,Crisis,44.9,372.0,-2164.0
Unity,Abiemnhom,54238.0,2019,8,Crisis,56.5,372.0,-2164.0
Unity,Abiemnhom,54238.0,2019,9,Crisis,49.8,372.0,-2164.0
Unity,Abiemnhom,54238.0,2020,1,Crisis,40.6,536.0,-2096.0
Unity,Abiemnhom,54587.0,2020,1,Crisis,49.8,536.0,-2096.0
Unity,Abiemnhom,54238.0,2020,2,Crisis,58.6,536.0,-2096.0
Unity,Abiemnhom,54238.0,2020,5,Crisis,53.5,536.0,-2096.0
Unity,Abiemnhom,56982.0,2022,2,Crisis,59.0,726.0,-2066.0
Unity,Abiemnhom,56982.0,2022,4,Crisis,56.2,726.0,-2066.0
Unity,Abiemnhom,57091.0,2022,10,Crisis,59.7,726.0,-2066.0
Unity,Abiemnhom,57091.0,2022,12,Crisis,50.8,726.0,-2066.0
Unity,Abiemnhom,57091.0,2023,4,Crisis,50.8,703.0,-2173.0
Unity,Abiemnhom,40765.0,2023,9,Crisis,66.6,703.0,-2173.0
Unity,Abiemnhom,40765.0,2023,12,Crisis,44.2,703.0,-2173.0
Unity,Abiemnhom,40765.0,2024,4,Crisis,49.1,703.0,-2173.0
Unity,Abiemnhom,58803.0,2024,9,Crisis,58.9,703.0,-2173.0
Unity,Abiemnhom,22597.0,2024,12,Crisis,74.8,703.0,-2173.0
Unity,Abiemnhom,22946.0,2025,4,Crisis,53.1,703.0,-2173.0
Unity,Guit,46862.0,2014,10,Emergency,44.8,420.9473684210527,-3657.184210526316
Unity,Guit,47719.0,2015,1,Crisis,19.2,420.9473684210527,-3657.184210526316
Unity,Guit,47719.0,2015,4,Emergency,75.4,420.9473684210527,-3657.184210526316
Unity,Guit,47719.0,2015,5,Crisis,60.8,420.9473684210527,-3657.184210526316
Unity,Guit,47719.0,2015,8,Emergency,46.1,420.9473684210527,-3657.184210526316
Unity,Guit,47719.0,2015,10,Emergency,100.6,420.9473684210527,-3657.184210526316
Unity,Guit,48575.0,2016,1,Emergency,100.6,31.0,-2759.0
Unity,Guit,48575.0,2016,4,Emergency,80.3,31.0,-2759.0
Unity,Guit,48575.0,2016,5,Emergency,70.0,31.0,-2759.0
Unity,Guit,48575.0,2016,8,Emergency,74.1,31.0,-2759.0
Unity,Guit,48575.0,2016,10,Crisis,59.7,31.0,-2759.0
Unity,Guit,49431.0,2017,1,Emergency,59.7,234.0,-3918.0
Unity,Guit,49431.0,2017,2,Emergency,60.7,234.0,-3918.0
Unity,Guit,49431.0,2017,5,Emergency,64.7,234.0,-3918.0
Unity,Guit,49431.0,2017,6,Emergency,85.0,234.0,-3918.0
Unity,Guit,47303.0,2017,9,Emergency,85.0,234.0,-3918.0
Unity,Guit,47303.0,2017,10,Crisis,80.3,234.0,-3918.0
Unity,Guit,38519.0,2018,1,Crisis,78.2,233.0,-3908.0
Unity,Guit,38519.0,2018,2,Crisis,31.2,233.0,-3908.0
Unity,Guit,38519.0,2018,5,Emergency,70.1,233.0,-3908.0
Unity,Guit,38519.0,2018,9,Emergency,70.1,233.0,-3908.0
Unity,Guit,38519.0,2018,10,Emergency,80.5,233.0,-3908.0
Unity,Guit,39971.0,2019,1,Emergency,75.3,158.0,-3214.0
Unity,Guit,66324.0,2019,8,Emergency,85.1,158.0,-3214.0
Unity,Guit,66324.0,2019,9,Emergency,64.8,158.0,-3214.0
Unity,Guit,66324.0,2020,1,Crisis,60.3,423.0,-3076.0
Unity,Guit,67001.0,2020,1,Crisis,55.8,423.0,-3076.0
Unity,Guit,66324.0,2020,2,Emergency,76.1,423.0,-3076.0
Unity,Guit,66324.0,2020,5,Crisis,60.3,423.0,-3076.0
Unity,Guit,69883.0,2022,2,Emergency,69.4,402.0,-3310.0
Unity,Guit,69883.0,2022,4,Crisis,54.4,402.0,-3310.0
Unity,Guit,70016.0,2022,10,Emergency,74.4,402.0,-3310.0
Unity,Guit,70016.0,2022,12,Crisis,55.7,402.0,-3310.0
Unity,Guit,70016.0,2023,4,Crisis,61.4,257.0,-3566.0
Unity,Guit,49582.0,2023,9,Emergency,71.4,257.0,-3566.0
Unity,Guit,49582.0,2023,12,Crisis,58.5,257.0,-3566.0
Unity,Guit,49582.0,2024,4,Emergency,64.5,680.0,-3660.0
Unity,Guit,72116.0,2024,9,Emergency,68.6,680.0,-3660.0
Unity,Guit,43840.0,2024,12,Crisis,70.7,680.0,-3660.0
Unity,Guit,44517.0,2025,4,Crisis,79.8,1243.0,-5070.0
Unity,Koch,132778.0,2014,10,Emergency,55.0,1733.6315789473683,-9093.184210526317
Unity,Koch,135204.0,2015,1,Crisis,49.7,1733.6315789473683,-9093.184210526317
Unity,Koch,135204.0,2015,4,Emergency,54.7,1733.6315789473683,-9093.184210526317
Unity,Koch,135204.0,2015,5,Crisis,29.6,1733.6315789473683,-9093.184210526317
Unity,Koch,135204.0,2015,8,Emergency,55.5,1733.6315789473683,-9093.184210526317
Unity,Koch,135204.0,2015,10,Emergency,100.6,1733.6315789473683,-9093.184210526317
Unity,Koch,137631.0,2016,1,Emergency,99.8,1763.0,-10247.0
Unity,Koch,137631.0,2016,4,Emergency,79.9,1763.0,-10247.0
Unity,Koch,137631.0,2016,5,Emergency,79.9,1763.0,-10247.0
Unity,Koch,137631.0,2016,8,Emergency,85.0,1763.0,-10247.0
Unity,Koch,137631.0,2016,10,Emergency,64.7,1763.0,-10247.0
Unity,Koch,140057.0,2017,1,Emergency,65.4,1559.0,-10385.0
Unity,Koch,140057.0,2017,2,Catastrophe,80.0,1559.0,-10385.0
Unity,Koch,140057.0,2017,5,Catastrophe,90.0,1559.0,-10385.0
Unity,Koch,140057.0,2017,6,Emergency,65.0,1559.0,-10385.0
Unity,Koch,134590.0,2017,9,Emergency,70.0,1559.0,-10385.0
Unity,Koch,134590.0,2017,10,Crisis,69.8,1559.0,-10385.0
Unity,Koch,123043.0,2018,1,Crisis,55.0,1538.0,-10245.0
Unity,Koch,123043.0,2018,2,Crisis,69.9,1538.0,-10245.0
Unity,Koch,123043.0,2018,5,Emergency,85.3,1538.0,-10245.0
Unity,Koch,123043.0,2018,9,Emergency,89.4,1538.0,-10245.0
Unity,Koch,123043.0,2018,10,Emergency,84.5,1538.0,-10245.0
Unity,Koch,127682.0,2019,1,Crisis,55.3,1230.0,-9542.0
Unity,Koch,105543.0,2019,8,Crisis,70.5,1230.0,-9542.0
Unity,Koch,105543.0,2019,9,Emergency,65.4,1230.0,-9542.0
Unity,Koch,105543.0,2020,1,Crisis,45.5,1737.0,-9441.0
Unity,Koch,107079.0,2020,1,Crisis,59.7,1737.0,-9441.0
Unity,Koch,105543.0,2020,2,Crisis,59.8,1737.0,-9441.0
Unity,Koch,105543.0,2020,5,Crisis,65.4,1737.0,-9441.0
Unity,Koch,98664.0,2022,2,Emergency,70.1,2202.0,-9657.0
Unity,Koch,98664.0,2022,4,Emergency,80.1,2202.0,-9657.0
Unity,Koch,98851.0,2022,10,Emergency,84.1,2202.0,-9657.0
Unity,Koch,98851.0,2022,12,Emergency,64.7,2202.0,-9657.0
Unity,Koch,98851.0,2023,4,Emergency,60.7,1494.0,-10721.0
Unity,Koch,55478.0,2023,9,Emergency,75.9,1494.0,-10721.0
Unity,Koch,55478.0,2023,12,Crisis,59.5,1494.0,-10721.0
Unity,Koch,55478.0,2024,4,Emergency,59.5,859.0,-3998.0
Unity,Koch,101817.0,2024,9,Emergency,64.9,859.0,-3998.0
Unity,Koch,99442.0,2024,12,Crisis,66.8,859.0,-3998.0
Unity,Koch,100978.0,2025,4,Crisis,60.3,2380.0,-6534.0
Unity,Leer,113720.0,2014,10,Emergency,50.1,764.1578947368421,-9246.763157894737
Unity,Leer,115798.0,2015,1,Crisis,44.8,764.1578947368421,-9246.763157894737
Unity,Leer,115798.0,2015,4,Emergency,75.1,764.1578947368421,-9246.763157894737
Unity,Leer,115798.0,2015,5,Crisis,19.9,764.1578947368421,-9246.763157894737
Unity,Leer,115798.0,2015,8,Crisis,35.4,764.1578947368421,-9246.763157894737
Unity,Leer,115798.0,2015,10,Emergency,100.2,764.1578947368421,-9246.763157894737
Unity,Leer,117876.0,2016,1,Emergency,100.2,224.0,-12319.0
Unity,Leer,117876.0,2016,4,Emergency,79.7,224.0,-12319.0
Unity,Leer,117876.0,2016,5,Emergency,79.7,224.0,-12319.0
Unity,Leer,117876.0,2016,8,Emergency,79.7,224.0,-12319.0
Unity,Leer,117876.0,2016,10,Emergency,64.5,224.0,-12319.0
Unity,Leer,119953.0,2017,1,Emergency,65.3,358.0,-9669.0
Unity,Leer,119953.0,2017,2,Catastrophe,90.0,358.0,-9669.0
Unity,Leer,119953.0,2017,5,Catastrophe,95.0,358.0,-9669.0
Unity,Leer,119953.0,2017,6,Emergency,85.0,358.0,-9669.0
Unity,Leer,134714.0,2017,9,Emergency,90.0,358.0,-9669.0
Unity,Leer,134714.0,2017,10,Emergency,85.4,358.0,-9669.0
Unity,Leer,106002.0,2018,1,Emergency,75.0,421.0,-11374.0
Unity,Leer,106002.0,2018,2,Crisis,90.6,421.0,-11374.0
Unity,Leer,106002.0,2018,5,Emergency,95.3,421.0,-11374.0
Unity,Leer,106002.0,2018,9,Catastrophe,100.0,421.0,-11374.0
Unity,Leer,106002.0,2018,10,Emergency,85.8,421.0,-11374.0
Unity,Leer,109998.0,2019,1,Emergency,74.5,284.0,-8997.0
Unity,Leer,59120.0,2019,8,Emergency,84.5,284.0,-8997.0
Unity,Leer,59120.0,2019,9,Crisis,60.9,284.0,-8997.0
Unity,Leer,59120.0,2020,1,Crisis,55.8,1432.0,-8199.0
Unity,Leer,60208.0,2020,1,Crisis,50.7,1432.0,-8199.0
Unity,Leer,59120.0,2020,2,Crisis,66.4,1432.0,-8199.0
Unity,Leer,59120.0,2020,5,Crisis,55.8,1432.0,-8199.0
Unity,Leer,77663.0,2022,2,Crisis,60.9,1172.0,-9046.0
Unity,Leer,77663.0,2022,4,Emergency,79.8,1172.0,-9046.0
Unity,Leer,77811.0,2022,10,Emergency,85.0,1172.0,-9046.0
Unity,Leer,77811.0,2022,12,Emergency,74.5,1172.0,-9046.0
Unity,Leer,77811.0,2023,4,Emergency,79.7,1207.0,-9317.0
Unity,Leer,92227.0,2023,9,Emergency,90.0,1207.0,-9317.0
Unity,Leer,92227.0,2023,12,Crisis,60.7,1207.0,-9317.0
Unity,Leer,92227.0,2024,4,Crisis,65.1,1255.0,-6820.0
Unity,Leer,80145.0,2024,9,Emergency,69.4,1255.0,-6820.0
Unity,Leer,70430.0,2024,12,Crisis,61.1,1255.0,-6820.0
Unity,Leer,71518.0,2025,4,Crisis,65.3,835.0,-6182.0
Unity,Mayendit,79009.0,2014,10,Crisis,45.6,774.2894736842105,-6851.894736842105
Unity,Mayendit,80452.0,2015,1,Crisis,40.5,774.2894736842105,-6851.894736842105
Unity,Mayendit,80452.0,2015,4,Emergency,49.7,774.2894736842105,-6851.894736842105
Unity,Mayendit,80452.0,2015,5,Crisis,29.8,774.2894736842105,-6851.894736842105
Unity,Mayendit,80452.0,2015,8,Emergency,39.8,774.2894736842105,-6851.894736842105
Unity,Mayendit,80452.0,2015,10,Emergency,99.4,774.2894736842105,-6851.894736842105
Unity,Mayendit,81896.0,2016,1,Crisis,64.6,763.0,-6939.0
Unity,Mayendit,81896.0,2016,4,Emergency,80.6,763.0,-6939.0
Unity,Mayendit,81896.0,2016,5,Emergency,74.5,763.0,-6939.0
Unity,Mayendit,81896.0,2016,8,Emergency,69.6,763.0,-6939.0
Unity,Mayendit,81896.0,2016,10,Emergency,64.7,763.0,-6939.0
Unity,Mayendit,83340.0,2017,1,Emergency,64.7,709.0,-6448.0
Unity,Mayendit,83340.0,2017,2,Emergency,66.0,709.0,-6448.0
Unity,Mayendit,83340.0,2017,5,Catastrophe,80.4,709.0,-6448.0
Unity,Mayendit,83340.0,2017,6,Emergency,80.4,709.0,-6448.0
Unity,Mayendit,104105.0,2017,9,Emergency,80.4,709.0,-6448.0
Unity,Mayendit,104105.0,2017,10,Emergency,89.3,709.0,-6448.0
Unity,Mayendit,86299.0,2018,1,Emergency,79.7,752.0,-8363.0
Unity,Mayendit,86299.0,2018,2,Crisis,60.3,752.0,-8363.0
Unity,Mayendit,86299.0,2018,5,Emergency,91.5,752.0,-8363.0
Unity,Mayendit,86299.0,2018,9,Emergency,96.2,752.0,-8363.0
Unity,Mayendit,86299.0,2018,10,Emergency,81.1,752.0,-8363.0
Unity,Mayendit,89553.0,2019,1,Emergency,69.5,623.0,-6933.0
Unity,Mayendit,66015.0,2019,8,Emergency,84.9,623.0,-6933.0
Unity,Mayendit,66015.0,2019,9,Emergency,74.2,623.0,-6933.0
Unity,Mayendit,66015.0,2020,1,Crisis,65.1,841.0,-7000.0
Unity,Mayendit,67119.0,2020,1,Crisis,50.0,841.0,-7000.0
Unity,Mayendit,66015.0,2020,2,Crisis,70.0,841.0,-7000.0
Unity,Mayendit,66015.0,2020,5,Crisis,54.5,841.0,-7000.0
Unity,Mayendit,70802.0,2022,2,Crisis,65.1,1079.0,-7239.0
Unity,Mayendit,70802.0,2022,4,Emergency,86.2,1079.0,-7239.0
Unity,Mayendit,70936.0,2022,10,Emergency,94.6,1079.0,-7239.0
Unity,Mayendit,70936.0,2022,12,Emergency,80.4,1079.0,-7239.0
Unity,Mayendit,70936.0,2023,4,Emergency,78.9,1154.0,-7414.0
Unity,Mayendit,66163.0,2023,9,Emergency,90.2,1154.0,-7414.0
Unity,Mayendit,66163.0,2023,12,Crisis,65.0,1154.0,-7414.0
Unity,Mayendit,66163.0,2024,4,Crisis,69.5,637.0,-5156.0
Unity,Mayendit,73064.0,2024,9,Emergency,74.1,637.0,-5156.0
Unity,Mayendit,71441.0,2024,12,Crisis,41.1,637.0,-5156.0
Unity,Mayendit,72545.0,2025,4,Crisis,65.8,560.0,-5837.0
Unity,Mayom,176826.0,2014,10,Crisis,24.9,2234.0263157894738,-13278.368421052632
Unity,Mayom,180057.0,2015,1,Crisis,24.9,2234.0263157894738,-13278.368421052632
Unity,Mayom,180057.0,2015,4,Emergency,55.0,2234.0263157894738,-13278.368421052632
Unity,Mayom,180057.0,2015,5,Crisis,40.0,2234.0263157894738,-13278.368421052632
Unity,Mayom,180057.0,2015,8,Crisis,55.0,2234.0263157894738,-13278.368421052632
Unity,Mayom,180057.0,2015,10,Crisis,55.0,2234.0263157894738,-13278.368421052632
Unity,Mayom,183288.0,2016,1,Emergency,60.5,1719.0,-12385.0
Unity,Mayom,183288.0,2016,4,Crisis,19.6,1719.0,-12385.0
Unity,Mayom,183288.0,2016,5,Crisis,25.1,1719.0,-12385.0
Unity,Mayom,183288.0,2016,8,Crisis,34.9,1719.0,-12385.0
Unity,Mayom,183288.0,2016,10,Crisis,34.9,1719.0,-12385.0
Unity,Mayom,186519.0,2017,1,Crisis,25.1,1900.0,-13685.0
Unity,Mayom,186519.0,2017,2,Crisis,30.0,1900.0,-13685.0
Unity,Mayom,186519.0,2017,5,Crisis,50.4,1900.0,-13685.0
Unity,Mayom,186519.0,2017,6,Crisis,45.0,1900.0,-13685.0
Unity,Mayom,187887.0,2017,9,Crisis,45.0,1900.0,-13685.0
Unity,Mayom,187887.0,2017,10,Crisis,50.0,1900.0,-13685.0
Unity,Mayom,170927.0,2018,1,Crisis,34.6,2005.0,-14444.0
Unity,Mayom,170927.0,2018,2,Crisis,45.0,2005.0,-14444.0
Unity,Mayom,170927.0,2018,5,Emergency,64.9,2005.0,-14444.0
Unity,Mayom,170927.0,2018,9,Emergency,70.2,2005.0,-14444.0
Unity,Mayom,170927.0,2018,10,Crisis,64.9,2005.0,-14444.0
Unity,Mayom,177371.0,2019,1,Crisis,55.0,2027.0,-12938.0
Unity,Mayom,151690.0,2019,8,Crisis,60.3,2027.0,-12938.0
Unity,Mayom,151690.0,2019,9,Crisis,50.1,2027.0,-12938.0
Unity,Mayom,151690.0,2020,1,Crisis,40.2,2366.0,-13163.0
Unity,Mayom,154167.0,2020,1,Crisis,54.7,2366.0,-13163.0
Unity,Mayom,151690.0,2020,2,Crisis,64.9,2366.0,-13163.0
Unity,Mayom,151690.0,2020,5,Crisis,60.0,2366.0,-13163.0
Unity,Mayom,156701.0,2022,2,Emergency,64.6,3288.0,-13186.0
Unity,Mayom,156701.0,2022,4,Emergency,65.1,3288.0,-13186.0
Unity,Mayom,156998.0,2022,10,Emergency,74.7,3288.0,-13186.0
Unity,Mayom,156998.0,2022,12,Emergency,54.8,3288.0,-13186.0
Unity,Mayom,156998.0,2023,4,Crisis,50.3,1724.0,-15245.0
Unity,Mayom,181437.0,2023,9,Emergency,65.0,1724.0,-15245.0
Unity,Mayom,181437.0,2023,12,Crisis,40.2,1724.0,-15245.0
Unity,Mayom,181437.0,2024,4,Crisis,45.2,2196.0,-13689.0
Unity,Mayom,161708.0,2024,9,Crisis,55.1,2196.0,-13689.0
Unity,Mayom,160348.0,2024,12,Crisis,45.1,2196.0,-13689.0
Unity,Mayom,162825.0,2025,4,Crisis,44.9,2496.0,-11661.0
Unity,Panyijiar,74734.0,2014,10,Crisis,49.5,1063.3157894736842,-7704.105263157895
Unity,Panyijiar,76099.0,2015,1,Crisis,50.8,1063.3157894736842,-7704.105263157895
Unity,Panyijiar,76099.0,2015,4,Emergency,34.2,1063.3157894736842,-7704.105263157895
Unity,Panyijiar,76099.0,2015,5,Crisis,74.9,1063.3157894736842,-7704.105263157895
Unity,Panyijiar,76099.0,2015,8,Emergency,74.9,1063.3157894736842,-7704.105263157895
Unity,Panyijiar,76099.0,2015,10,Emergency,80.2,1063.3157894736842,-7704.105263157895
Unity,Panyijiar,77465.0,2016,1,Emergency,78.8,1120.0,-7409.0
Unity,Panyijiar,77465.0,2016,4,Emergency,74.9,1120.0,-7409.0
Unity,Panyijiar,77465.0,2016,5,Emergency,64.5,1120.0,-7409.0
Unity,Panyijiar,77465.0,2016,8,Emergency,74.9,1120.0,-7409.0
Unity,Panyijiar,77465.0,2016,10,Crisis,50.3,1120.0,-7409.0
Unity,Panyijiar,78830.0,2017,1,Crisis,40.0,859.0,-5687.0
Unity,Panyijiar,78830.0,2017,2,Emergency,71.0,859.0,-5687.0
Unity,Panyijiar,78830.0,2017,5,Emergency,71.0,859.0,-5687.0
Unity,Panyijiar,78830.0,2017,6,Crisis,69.8,859.0,-5687.0
Unity,Panyijiar,89449.0,2017,9,Crisis,59.6,859.0,-5687.0
Unity,Panyijiar,89449.0,2017,10,Emergency,80.5,859.0,-5687.0
Unity,Panyijiar,92132.0,2018,1,Crisis,59.3,1157.0,-6674.0
Unity,Panyijiar,92132.0,2018,2,Crisis,45.6,1157.0,-6674.0
Unity,Panyijiar,92132.0,2018,5,Emergency,66.2,1157.0,-6674.0
Unity,Panyijiar,92132.0,2018,9,Emergency,84.7,1157.0,-6674.0
Unity,Panyijiar,92132.0,2018,10,Crisis,69.5,1157.0,-6674.0
Unity,Panyijiar,95606.0,2019,1,Crisis,55.4,1310.0,-6756.0
Unity,Panyijiar,109541.0,2019,8,Crisis,65.9,1310.0,-6756.0
Unity,Panyijiar,109541.0,2019,9,Emergency,74.9,1310.0,-6756.0
Unity,Panyijiar,109541.0,2020,1,Crisis,64.8,1483.0,-6887.0
Unity,Panyijiar,110582.0,2020,1,Crisis,60.3,1483.0,-6887.0
Unity,Panyijiar,109541.0,2020,2,Emergency,69.6,1483.0,-6887.0
Unity,Panyijiar,109541.0,2020,5,Crisis,69.4,1483.0,-6887.0
Unity,Panyijiar,120033.0,2022,2,Emergency,74.9,0.0,-8880.0
Unity,Panyijiar,120033.0,2022,4,Emergency,75.0,0.0,-8880.0
Unity,Panyijiar,120261.0,2022,10,Emergency,80.0,0.0,-8880.0
Unity,Panyijiar,120261.0,2022,12,Emergency,59.9,0.0,-8880.0
Unity,Panyijiar,120261.0,2023,4,Emergency,74.8,515.0,-8632.0
Unity,Panyijiar,139208.0,2023,9,Emergency,79.8,515.0,-8632.0
Unity,Panyijiar,139208.0,2023,12,Crisis,55.3,515.0,-8632.0
Unity,Panyijiar,139208.0,2024,4,Crisis,60.3,2012.0,-10176.0
Unity,Panyijiar,123869.0,2024,9,Emergency,65.4,2012.0,-10176.0
Unity,Panyijiar,67376.0,2024,12,Crisis,49.2,2012.0,-10176.0
Unity,Panyijiar,68417.0,2025,4,Crisis,59.4,1220.0,-9625.0
Unity,Pariang,218381.0,2014,10,Crisis,20.1,2586.1052631578946,-11982.78947368421
Unity,Pariang,220970.0,2015,1,Stressed,15.1,2586.1052631578946,-11982.78947368421
Unity,Pariang,220970.0,2015,4,Crisis,34.8,2586.1052631578946,-11982.78947368421
Unity,Pariang,220970.0,2015,5,Crisis,64.7,2586.1052631578946,-11982.78947368421
Unity,Pariang,220970.0,2015,8,Crisis,70.1,2586.1052631578946,-11982.78947368421
Unity,Pariang,220970.0,2015,10,Crisis,54.8,2586.1052631578946,-11982.78947368421
Unity,Pariang,223559.0,2016,1,Emergency,90.1,2381.0,-9844.0
Unity,Pariang,223559.0,2016,4,Crisis,25.0,2381.0,-9844.0
Unity,Pariang,223559.0,2016,5,Stressed,14.8,2381.0,-9844.0
Unity,Pariang,223559.0,2016,8,Crisis,25.0,2381.0,-9844.0
Unity,Pariang,223559.0,2016,10,Stressed,15.2,2381.0,-9844.0
Unity,Pariang,149470.0,2017,1,Stressed,9.8,2449.0,-10122.0
Unity,Pariang,149470.0,2017,2,Stressed,14.7,2449.0,-10122.0
Unity,Pariang,226148.0,2017,5,Stressed,14.7,2449.0,-10122.0
Unity,Pariang,226148.0,2017,6,Stressed,15.0,2449.0,-10122.0
Unity,Pariang,242266.0,2017,9,Stressed,15.0,2449.0,-10122.0
Unity,Pariang,242266.0,2017,10,Crisis,40.0,2449.0,-10122.0
Unity,Pariang,249534.0,2018,1,Crisis,24.8,2892.0,-18319.0
Unity,Pariang,249534.0,2018,2,Crisis,44.9,2892.0,-18319.0
Unity,Pariang,249534.0,2018,5,Crisis,54.9,2892.0,-18319.0
Unity,Pariang,133337.0,2018,9,Crisis,60.1,2892.0,-18319.0
Unity,Pariang,133337.0,2018,10,Crisis,49.5,2892.0,-18319.0
Unity,Pariang,138364.0,2019,1,Crisis,40.5,3165.0,-18682.0
Unity,Pariang,127465.0,2019,8,Crisis,54.9,3165.0,-18682.0
Unity,Pariang,127465.0,2019,9,Crisis,54.9,3165.0,-18682.0
Unity,Pariang,127465.0,2020,1,Crisis,49.4,2124.0,-9990.0
Unity,Pariang,129157.0,2020,1,Crisis,29.8,2124.0,-9990.0
Unity,Pariang,127465.0,2020,2,Crisis,69.7,2124.0,-9990.0
Unity,Pariang,127465.0,2020,5,Crisis,40.0,2124.0,-9990.0
Unity,Pariang,131158.0,2022,2,Crisis,54.9,2716.0,-10136.0
Unity,Pariang,131158.0,2022,4,Emergency,70.1,2716.0,-10136.0
Unity,Pariang,131408.0,2022,10,Emergency,80.1,2716.0,-10136.0
Unity,Pariang,131408.0,2022,12,Crisis,55.6,2716.0,-10136.0
Unity,Pariang,131408.0,2023,4,Crisis,54.8,2578.0,-10659.0
Unity,Pariang,193649.0,2023,9,Crisis,65.4,2578.0,-10659.0
Unity,Pariang,193649.0,2023,12,Crisis,40.3,2578.0,-10659.0
Unity,Pariang,193649.0,2024,4,Crisis,44.9,2578.0,-10659.0
Unity,Pariang,135350.0,2024,9,Crisis,49.6,2578.0,-10659.0
Unity,Pariang,109511.0,2024,12,Emergency,75.4,2578.0,-10659.0
Unity,Pariang,111202.0,2025,4,Crisis,49.3,2578.0,-10659.0
Unity,Rubkona,204766.0,2014,10,Emergency,44.9,553.421052631579,-16031.552631578948
Unity,Rubkona,208507.0,2015,1,Crisis,20.0,553.421052631579,-16031.552631578948
Unity,Rubkona,208507.0,2015,4,Emergency,35.0,553.421052631579,-16031.552631578948
Unity,Rubkona,208507.0,2015,5,Crisis,45.1,553.421052631579,-16031.552631578948
Unity,Rubkona,208507.0,2015,8,Crisis,64.7,553.421052631579,-16031.552631578948
Unity,Rubkona,208507.0,2015,10,Emergency,90.2,553.421052631579,-16031.552631578948
Unity,Rubkona,212249.0,2016,1,Emergency,90.2,408.0,-19316.0
Unity,Rubkona,212249.0,2016,4,Emergency,69.7,408.0,-19316.0
Unity,Rubkona,212249.0,2016,5,Crisis,40.0,408.0,-19316.0
Unity,Rubkona,212249.0,2016,8,Crisis,55.1,408.0,-19316.0
Unity,Rubkona,212249.0,2016,10,Crisis,55.1,408.0,-19316.0
Unity,Rubkona,215990.0,2017,1,Crisis,49.9,417.0,-19755.0
Unity,Rubkona,215990.0,2017,2,Stressed,14.8,417.0,-19755.0
Unity,Rubkona,215990.0,2017,5,Crisis,30.1,417.0,-19755.0
Unity,Rubkona,215990.0,2017,6,Crisis,65.3,417.0,-19755.0
Unity,Rubkona,72680.0,2017,9,Crisis,69.9,417.0,-19755.0
Unity,Rubkona,72680.0,2017,10,Crisis,59.2,417.0,-19755.0
Unity,Rubkona,74860.0,2018,1,Crisis,49.5,294.0,-6818.0
Unity,Rubkona,74860.0,2018,2,Crisis,60.1,294.0,-6818.0
Unity,Rubkona,74860.0,2018,5,Emergency,69.5,294.0,-6818.0
Unity,Rubkona,74860.0,2018,9,Emergency,74.8,294.0,-6818.0
Unity,Rubkona,74860.0,2018,10,Emergency,80.1,294.0,-6818.0
Unity,Rubkona,77683.0,2019,1,Crisis,69.5,328.0,-6997.0
Unity,Rubkona,319746.0,2019,8,Crisis,75.9,328.0,-6997.0
Unity,Rubkona,319746.0,2019,9,Crisis,65.1,328.0,-6997.0
Unity,Rubkona,319746.0,2020,1,Crisis,65.1,551.0,-7050.0
Unity,Rubkona,321803.0,2020,1,Crisis,35.0,551.0,-7050.0
Unity,Rubkona,319746.0,2020,2,Crisis,60.0,551.0,-7050.0
Unity,Rubkona,319746.0,2020,5,Crisis,40.0,551.0,-7050.0
Unity,Rubkona,341748.0,2022,2,Crisis,55.0,199.0,-7865.0
Unity,Rubkona,341748.0,2022,4,Emergency,60.0,199.0,-7865.0
Unity,Rubkona,342397.0,2022,10,Emergency,75.2,199.0,-7865.0
Unity,Rubkona,342397.0,2022,12,Emergency,80.0,199.0,-7865.0
Unity,Rubkona,342397.0,2023,4,Emergency,80.0,179.0,-8127.0
Unity,Rubkona,308683.0,2023,9,Emergency,85.0,179.0,-8127.0
Unity,Rubkona,308683.0,2023,12,Emergency,74.8,179.0,-8127.0
Unity,Rubkona,308683.0,2024,4,Emergency,80.0,670.0,-29535.0
Unity,Rubkona,352669.0,2024,9,Emergency,80.0,670.0,-29535.0
Unity,Rubkona,133145.0,2024,12,Emergency,68.1,670.0,-29535.0
Unity,Rubkona,135202.0,2025,4,Emergency,80.4,1389.0,-33120.0
Upper Nile,Baliet,60412.0,2014,10,Emergency,64.6,687.3421052631579,-2667.394736842105
Upper Nile,Baliet,61515.0,2015,1,Crisis,34.8,687.3421052631579,-2667.394736842105
Upper Nile,Baliet,61515.0,2015,4,Emergency,65.0,687.3421052631579,-2667.394736842105
Upper Nile,Baliet,61515.0,2015,5,Crisis,55.3,687.3421052631579,-2667.394736842105
Upper Nile,Baliet,61515.0,2015,8,Crisis,74.8,687.3421052631579,-2667.394736842105
Upper Nile,Baliet,61515.0,2015,10,Emergency,94.3,687.3421052631579,-2667.394736842105
Upper Nile,Baliet,62619.0,2016,1,Crisis,89.4,297.0,-1692.0
Upper Nile,Baliet,62619.0,2016,4,Emergency,91.0,297.0,-1692.0
Upper Nile,Baliet,62619.0,2016,5,Crisis,84.6,297.0,-1692.0
Upper Nile,Baliet,62619.0,2016,8,Emergency,95.8,297.0,-1692.0
Upper Nile,Baliet,62619.0,2016,10,Crisis,75.1,297.0,-1692.0
Upper Nile,Baliet,63722.0,2017,1,Crisis,59.1,461.0,-5718.0
Upper Nile,Baliet,63722.0,2017,2,Crisis,29.8,461.0,-5718.0
Upper Nile,Baliet,63722.0,2017,5,Crisis,43.9,461.0,-5718.0
Upper Nile,Baliet,63722.0,2017,6,Crisis,61.2,461.0,-5718.0
Upper Nile,Baliet,7693.0,2017,9,Crisis,61.2,461.0,-5718.0
Upper Nile,Baliet,7693.0,2017,10,Emergency,65.0,461.0,-5718.0
Upper Nile,Baliet,7924.0,2018,1,Crisis,52.0,50.0,-624.0
Upper Nile,Baliet,7924.0,2018,2,Crisis,63.1,50.0,-624.0
Upper Nile,Baliet,7924.0,2018,5,Crisis,63.1,50.0,-624.0
Upper Nile,Baliet,49293.0,2018,9,Emergency,75.7,50.0,-624.0
Upper Nile,Baliet,49293.0,2018,10,Crisis,64.9,50.0,-624.0
Upper Nile,Baliet,51151.0,2019,1,Crisis,54.8,80.0,-614.0
Upper Nile,Baliet,54058.0,2019,8,Crisis,48.9,80.0,-614.0
Upper Nile,Baliet,54058.0,2019,9,Crisis,64.7,80.0,-614.0
Upper Nile,Baliet,54058.0,2020,1,Crisis,38.8,696.0,-3782.0
Upper Nile,Baliet,55043.0,2020,1,Crisis,46.2,696.0,-3782.0
Upper Nile,Baliet,54058.0,2020,2,Crisis,52.7,696.0,-3782.0
Upper Nile,Baliet,54058.0,2020,5,Crisis,53.6,696.0,-3782.0
Upper Nile,Baliet,57756.0,2022,2,Emergency,64.7,984.0,-3767.0
Upper Nile,Baliet,57756.0,2022,4,Emergency,58.9,984.0,-3767.0
Upper Nile,Baliet,57866.0,2022,10,Emergency,69.3,984.0,-3767.0
Upper Nile,Baliet,57866.0,2022,12,Emergency,55.3,984.0,-3767.0
Upper Nile,Baliet,57866.0,2023,4,Crisis,60.5,1014.0,-3880.0
Upper Nile,Baliet,29751.0,2023,9,Emergency,63.9,1014.0,-3880.0
Upper Nile,Baliet,29751.0,2023,12,Crisis,57.1,1014.0,-3880.0
Upper Nile,Baliet,29751.0,2024,4,Crisis,50.4,1007.0,-1598.0
Upper Nile,Baliet,35158.0,2024,9,Crisis,57.1,1007.0,-1598.0
Upper Nile,Baliet,63773.0,2024,12,Crisis,65.4,1007.0,-1598.0
Upper Nile,Baliet,64758.0,2025,4,Crisis,59.6,1639.0,-1439.0
Upper Nile,Fashoda,41784.0,2014,10,Stressed,14.4,525.2368421052631,-3224.5789473684213
Upper Nile,Fashoda,42548.0,2015,1,Stressed,14.4,525.2368421052631,-3224.5789473684213
Upper Nile,Fashoda,42548.0,2015,4,Crisis,18.8,525.2368421052631,-3224.5789473684213
Upper Nile,Fashoda,42548.0,2015,5,Crisis,44.7,525.2368421052631,-3224.5789473684213
Upper Nile,Fashoda,42548.0,2015,8,Crisis,30.6,525.2368421052631,-3224.5789473684213
Upper Nile,Fashoda,42548.0,2015,10,Crisis,68.2,525.2368421052631,-3224.5789473684213
Upper Nile,Fashoda,43312.0,2016,1,Crisis,49.4,153.0,-3305.0
Upper Nile,Fashoda,43312.0,2016,4,Crisis,34.6,153.0,-3305.0
Upper Nile,Fashoda,43312.0,2016,5,Crisis,78.5,153.0,-3305.0
Upper Nile,Fashoda,43312.0,2016,8,Emergency,85.4,153.0,-3305.0
Upper Nile,Fashoda,43312.0,2016,10,Crisis,53.1,153.0,-3305.0
Upper Nile,Fashoda,44075.0,2017,1,Crisis,43.9,125.0,-2693.0
Upper Nile,Fashoda,44075.0,2017,2,Crisis,25.0,125.0,-2693.0
Upper Nile,Fashoda,44075.0,2017,5,Crisis,25.0,125.0,-2693.0
Upper Nile,Fashoda,44075.0,2017,6,Crisis,74.9,125.0,-2693.0
Upper Nile,Fashoda,13572.0,2017,9,Emergency,74.9,125.0,-2693.0
Upper Nile,Fashoda,13572.0,2017,10,Emergency,58.9,125.0,-2693.0
Upper Nile,Fashoda,13979.0,2018,1,Emergency,58.9,53.0,-1135.0
Upper Nile,Fashoda,13979.0,2018,2,Crisis,57.2,53.0,-1135.0
Upper Nile,Fashoda,13979.0,2018,5,Emergency,57.2,53.0,-1135.0
Upper Nile,Fashoda,47308.0,2018,9,Emergency,64.4,53.0,-1135.0
Upper Nile,Fashoda,47308.0,2018,10,Crisis,55.0,53.0,-1135.0
Upper Nile,Fashoda,49092.0,2019,1,Crisis,55.0,54.0,-1170.0
Upper Nile,Fashoda,73476.0,2019,8,Crisis,65.2,54.0,-1170.0
Upper Nile,Fashoda,73476.0,2019,9,Emergency,59.9,54.0,-1170.0
Upper Nile,Fashoda,73476.0,2020,1,Crisis,54.4,285.0,-4013.0
Upper Nile,Fashoda,74225.0,2020,1,Crisis,44.9,285.0,-4013.0
Upper Nile,Fashoda,73476.0,2020,2,Emergency,59.3,285.0,-4013.0
Upper Nile,Fashoda,73476.0,2020,5,Crisis,49.0,285.0,-4013.0
Upper Nile,Fashoda,76641.0,2022,2,Crisis,59.9,505.0,-4055.0
Upper Nile,Fashoda,76641.0,2022,4,Emergency,49.6,505.0,-4055.0
Upper Nile,Fashoda,76787.0,2022,10,Emergency,60.0,505.0,-4055.0
Upper Nile,Fashoda,76787.0,2022,12,Emergency,59.9,505.0,-4055.0
Upper Nile,Fashoda,76787.0,2023,4,Emergency,65.1,433.0,-4264.0
Upper Nile,Fashoda,52384.0,2023,9,Emergency,75.5,433.0,-4264.0
Upper Nile,Fashoda,52384.0,2023,12,Crisis,61.1,433.0,-4264.0
Upper Nile,Fashoda,52384.0,2024,4,Crisis,64.9,995.0,-3591.0
Upper Nile,Fashoda,79090.0,2024,9,Emergency,70.6,995.0,-3591.0
Upper Nile,Fashoda,48508.0,2024,12,Crisis,45.5,995.0,-3591.0
Upper Nile,Fashoda,49257.0,2025,4,Crisis,41.2,2031.0,-4893.0
Upper Nile,Longochuk,79681.0,2014,10,Crisis,30.1,1451.157894736842,-4161.473684210527
Upper Nile,Longochuk,81137.0,2015,1,Stressed,15.1,1451.157894736842,-4161.473684210527
Upper Nile,Longochuk,81137.0,2015,4,Crisis,54.2,1451.157894736842,-4161.473684210527
Upper Nile,Longochuk,81137.0,2015,5,Emergency,70.3,1451.157894736842,-4161.473684210527
Upper Nile,Longochuk,81137.0,2015,8,Emergency,69.0,1451.157894736842,-4161.473684210527
Upper Nile,Longochuk,81137.0,2015,10,Emergency,85.0,1451.157894736842,-4161.473684210527
Upper Nile,Longochuk,82592.0,2016,1,Crisis,55.5,1336.0,-4861.0
Upper Nile,Longochuk,82592.0,2016,4,Crisis,30.3,1336.0,-4861.0
Upper Nile,Longochuk,82592.0,2016,5,Crisis,70.2,1336.0,-4861.0
Upper Nile,Longochuk,82592.0,2016,8,Crisis,84.8,1336.0,-4861.0
Upper Nile,Longochuk,82592.0,2016,10,Stressed,14.5,1336.0,-4861.0
Upper Nile,Longochuk,84048.0,2017,1,Stressed,9.7,336.0,-909.0
Upper Nile,Longochuk,84048.0,2017,2,Stressed,9.5,336.0,-909.0
Upper Nile,Longochuk,84048.0,2017,5,Stressed,14.3,336.0,-909.0
Upper Nile,Longochuk,84048.0,2017,6,Crisis,39.3,336.0,-909.0
Upper Nile,Longochuk,72304.0,2017,9,Crisis,45.2,336.0,-909.0
Upper Nile,Longochuk,72304.0,2017,10,Crisis,59.5,336.0,-909.0
Upper Nile,Longochuk,74473.0,2018,1,Crisis,49.8,1592.0,-4738.0
Upper Nile,Longochuk,74473.0,2018,2,Emergency,85.9,1592.0,-4738.0
Upper Nile,Longochuk,74473.0,2018,5,Emergency,91.3,1592.0,-4738.0
Upper Nile,Longochuk,74473.0,2018,9,Emergency,90.0,1592.0,-4738.0
Upper Nile,Longochuk,74473.0,2018,10,Emergency,80.6,1592.0,-4738.0
Upper Nile,Longochuk,77281.0,2019,1,Crisis,69.8,1640.0,-4880.0
Upper Nile,Longochuk,57301.0,2019,8,Emergency,80.2,1640.0,-4880.0
Upper Nile,Longochuk,57301.0,2019,9,Emergency,75.0,1640.0,-4880.0
Upper Nile,Longochuk,57301.0,2020,1,Crisis,54.1,1701.0,-5065.0
Upper Nile,Longochuk,58597.0,2020,1,Emergency,59.3,1701.0,-5065.0
Upper Nile,Longochuk,57301.0,2020,2,Crisis,63.1,1701.0,-5065.0
Upper Nile,Longochuk,57301.0,2020,5,Crisis,64.6,1701.0,-5065.0
Upper Nile,Longochuk,74449.0,2022,2,Emergency,75.0,1203.0,-5975.0
Upper Nile,Longochuk,74449.0,2022,4,Emergency,49.7,1203.0,-5975.0
Upper Nile,Longochuk,74591.0,2022,10,Emergency,60.4,1203.0,-5975.0
Upper Nile,Longochuk,74591.0,2022,12,Emergency,60.3,1203.0,-5975.0
Upper Nile,Longochuk,74591.0,2023,4,Emergency,65.7,1394.0,-5999.0
Upper Nile,Longochuk,44205.0,2023,9,Emergency,80.4,1394.0,-5999.0
Upper Nile,Longochuk,44205.0,2023,12,Crisis,65.6,1394.0,-5999.0
Upper Nile,Longochuk,44205.0,2024,4,Crisis,61.1,1251.0,-2619.0
Upper Nile,Longochuk,76828.0,2024,9,Crisis,70.1,1251.0,-2619.0
Upper Nile,Longochuk,83905.0,2024,12,Crisis,56.0,1251.0,-2619.0
Upper Nile,Longochuk,85201.0,2025,4,Crisis,44.1,2895.0,-3831.0
Upper Nile,Luakpiny/Nasir,248110.0,2014,10,Crisis,29.8,6008.289473684211,-18822.157894736843
Upper Nile,Luakpiny/Nasir,252644.0,2015,1,Stressed,14.9,6008.289473684211,-18822.157894736843
Upper Nile,Luakpiny/Nasir,252644.0,2015,4,Emergency,55.0,6008.289473684211,-18822.157894736843
Upper Nile,Luakpiny/Nasir,252644.0,2015,5,Emergency,74.8,6008.289473684211,-18822.157894736843
Upper Nile,Luakpiny/Nasir,252644.0,2015,8,Emergency,89.8,6008.289473684211,-18822.157894736843
Upper Nile,Luakpiny/Nasir,252644.0,2015,10,Emergency,85.1,6008.289473684211,-18822.157894736843
Upper Nile,Luakpiny/Nasir,257177.0,2016,1,Crisis,55.0,7993.0,-13977.0
Upper Nile,Luakpiny/Nasir,257177.0,2016,4,Crisis,59.9,7993.0,-13977.0
Upper Nile,Luakpiny/Nasir,257177.0,2016,5,Crisis,20.2,7993.0,-13977.0
Upper Nile,Luakpiny/Nasir,257177.0,2016,8,Crisis,29.9,7993.0,-13977.0
Upper Nile,Luakpiny/Nasir,257177.0,2016,10,Stressed,15.2,7993.0,-13977.0
Upper Nile,Luakpiny/Nasir,261710.0,2017,1,Stressed,10.1,9156.0,-18300.0
Upper Nile,Luakpiny/Nasir,261710.0,2017,2,Stressed,5.0,9156.0,-18300.0
Upper Nile,Luakpiny/Nasir,261710.0,2017,5,Crisis,29.8,9156.0,-18300.0
Upper Nile,Luakpiny/Nasir,261710.0,2017,6,Crisis,60.0,9156.0,-18300.0
Upper Nile,Luakpiny/Nasir,288704.0,2017,9,Crisis,65.0,9156.0,-18300.0
Upper Nile,Luakpiny/Nasir,288704.0,2017,10,Emergency,59.9,9156.0,-18300.0
Upper Nile,Luakpiny/Nasir,297365.0,2018,1,Crisis,49.9,6785.0,-18491.0
Upper Nile,Luakpiny/Nasir,297365.0,2018,2,Crisis,75.0,6785.0,-18491.0
Upper Nile,Luakpiny/Nasir,297365.0,2018,5,Crisis,75.0,6785.0,-18491.0
Upper Nile,Luakpiny/Nasir,297365.0,2018,9,Emergency,80.0,6785.0,-18491.0
Upper Nile,Luakpiny/Nasir,297365.0,2018,10,Emergency,75.0,6785.0,-18491.0
Upper Nile,Luakpiny/Nasir,308576.0,2019,1,Crisis,55.2,6988.0,-19046.0
Upper Nile,Luakpiny/Nasir,260703.0,2019,8,Emergency,80.0,6988.0,-19046.0
Upper Nile,Luakpiny/Nasir,260703.0,2019,9,Crisis,69.8,6988.0,-19046.0
Upper Nile,Luakpiny/Nasir,260703.0,2020,1,Crisis,54.9,6825.0,-20191.0
Upper Nile,Luakpiny/Nasir,265012.0,2020,1,Crisis,64.8,6825.0,-20191.0
Upper Nile,Luakpiny/Nasir,260703.0,2020,2,Crisis,65.3,6825.0,-20191.0
Upper Nile,Luakpiny/Nasir,260703.0,2020,5,Emergency,69.8,6825.0,-20191.0
Upper Nile,Luakpiny/Nasir,293794.0,2022,2,Emergency,74.8,4344.0,-24317.0
Upper Nile,Luakpiny/Nasir,293794.0,2022,4,Emergency,65.0,4344.0,-24317.0
Upper Nile,Luakpiny/Nasir,294352.0,2022,10,Emergency,75.2,4344.0,-24317.0
Upper Nile,Luakpiny/Nasir,294352.0,2022,12,Emergency,65.2,4344.0,-24317.0
Upper Nile,Luakpiny/Nasir,294352.0,2023,4,Emergency,64.9,4307.0,-25214.0
Upper Nile,Luakpiny/Nasir,71780.0,2023,9,Emergency,79.8,4307.0,-25214.0
Upper Nile,Luakpiny/Nasir,71780.0,2023,12,Crisis,55.7,4307.0,-25214.0
Upper Nile,Luakpiny/Nasir,71780.0,2024,4,Crisis,55.7,834.0,-5450.0
Upper Nile,Luakpiny/Nasir,303183.0,2024,9,Emergency,64.1,834.0,-5450.0
Upper Nile,Luakpiny/Nasir,278950.0,2024,12,Emergency,65.0,834.0,-5450.0
Upper Nile,Luakpiny/Nasir,283259.0,2025,4,Emergency,60.2,4030.0,-22514.0
Upper Nile,Maban,185864.0,2014,10,Stressed,15.1,4691.742857142857,-4322.571428571428
Upper Nile,Maban,186996.0,2015,1,Stressed,15.1,4691.742857142857,-4322.571428571428
Upper Nile,Maban,186996.0,2015,4,Crisis,40.1,4691.742857142857,-4322.571428571428
Upper Nile,Maban,186996.0,2015,5,Crisis,49.7,4691.742857142857,-4322.571428571428
Upper Nile,Maban,186996.0,2015,8,Crisis,34.8,4691.742857142857,-4322.571428571428
Upper Nile,Maban,186996.0,2015,10,Crisis,29.9,4691.742857142857,-4322.571428571428
Upper Nile,Maban,188129.0,2016,1,Crisis,25.1,3194.0,-1594.0
Upper Nile,Maban,188129.0,2016,4,Crisis,25.0,3194.0,-1594.0
Upper Nile,Maban,188129.0,2016,5,Crisis,54.7,3194.0,-1594.0
Upper Nile,Maban,188129.0,2016,8,Crisis,70.2,3194.0,-1594.0
Upper Nile,Maban,188129.0,2016,10,Stressed,14.9,3194.0,-1594.0
Upper Nile,Maban,65407.0,2017,1,Stressed,10.1,3437.0,-2184.0
Upper Nile,Maban,65407.0,2017,2,Stressed,4.6,3437.0,-2184.0
Upper Nile,Maban,65407.0,2017,5,Stressed,10.7,3437.0,-2184.0
Upper Nile,Maban,65407.0,2017,6,Stressed,15.3,3437.0,-2184.0
Upper Nile,Maban,197867.0,2017,9,Stressed,15.3,3437.0,-2184.0
Upper Nile,Maban,197867.0,2017,10,Crisis,50.0,3437.0,-2184.0
Upper Nile,Maban,203803.0,2018,1,Crisis,39.9,9630.0,-7693.0
Upper Nile,Maban,203803.0,2018,2,Crisis,55.4,9630.0,-7693.0
Upper Nile,Maban,203803.0,2018,5,Crisis,60.4,9630.0,-7693.0
Upper Nile,Maban,55177.0,2019,8,Emergency,60.4,9919.0,-7924.0
Upper Nile,Maban,55177.0,2019,9,Crisis,65.2,9919.0,-7924.0
Upper Nile,Maban,55177.0,2020,1,Crisis,56.2,1908.0,-3430.0
Upper Nile,Maban,56105.0,2020,1,Emergency,65.2,1908.0,-3430.0
Upper Nile,Maban,55177.0,2020,2,Crisis,62.4,1908.0,-3430.0
Upper Nile,Maban,55177.0,2020,5,Crisis,59.8,1908.0,-3430.0
Upper Nile,Maban,81680.0,2022,2,Emergency,65.2,1821.0,-3842.0
Upper Nile,Maban,81680.0,2022,4,Crisis,45.3,1821.0,-3842.0
Upper Nile,Maban,81835.0,2022,10,Crisis,55.1,1821.0,-3842.0
Upper Nile,Maban,81835.0,2022,12,Crisis,50.1,1821.0,-3842.0
Upper Nile,Maban,81835.0,2023,4,Crisis,40.3,1303.0,-4530.0
Upper Nile,Maban,267494.0,2023,9,Crisis,55.0,1303.0,-4530.0
Upper Nile,Maban,267494.0,2023,12,Crisis,50.1,1303.0,-4530.0
Upper Nile,Maban,267494.0,2024,4,Crisis,55.0,12088.0,-11331.0
Upper Nile,Maban,84290.0,2024,9,Crisis,65.0,12088.0,-11331.0
Upper Nile,Maban,60091.0,2024,12,Crisis,55.8,12088.0,-11331.0
Upper Nile,Maban,61019.0,2025,4,Crisis,49.9,5162.0,-2218.0
Upper Nile,Maiwut,100212.0,2014,10,Crisis,39.9,1611.0833333333333,-4577.777777777777
Upper Nile,Maiwut,102044.0,2015,1,Stressed,15.0,1611.0833333333333,-4577.777777777777
Upper Nile,Maiwut,102044.0,2015,4,Crisis,54.9,1611.0833333333333,-4577.777777777777
Upper Nile,Maiwut,102044.0,2015,5,Crisis,69.6,1611.0833333333333,-4577.777777777777
Upper Nile,Maiwut,102044.0,2015,8,Crisis,74.5,1611.0833333333333,-4577.777777777777
Upper Nile,Maiwut,102044.0,2015,10,Emergency,70.6,1611.0833333333333,-4577.777777777777
Upper Nile,Maiwut,103874.0,2016,1,Crisis,40.2,1943.0,-7015.0
Upper Nile,Maiwut,103874.0,2016,4,Crisis,20.2,1943.0,-7015.0
Upper Nile,Maiwut,103874.0,2016,5,Crisis,25.0,1943.0,-7015.0
Upper Nile,Maiwut,103874.0,2016,8,Crisis,29.8,1943.0,-7015.0
Upper Nile,Maiwut,103874.0,2016,10,Stressed,14.4,1943.0,-7015.0
Upper Nile,Maiwut,105705.0,2017,1,Stressed,4.8,1962.0,-7086.0
Upper Nile,Maiwut,105705.0,2017,2,Stressed,4.7,1962.0,-7086.0
Upper Nile,Maiwut,105705.0,2017,5,Stressed,15.1,1962.0,-7086.0
Upper Nile,Maiwut,105705.0,2017,6,Crisis,25.5,1962.0,-7086.0
Upper Nile,Maiwut,41501.0,2018,1,Crisis,30.3,967.0,-2561.0
Upper Nile,Maiwut,41501.0,2018,2,Crisis,65.1,967.0,-2561.0
Upper Nile,Maiwut,41501.0,2018,5,Emergency,74.7,967.0,-2561.0
Upper Nile,Maiwut,41501.0,2018,9,Emergency,86.7,967.0,-2561.0
Upper Nile,Maiwut,41501.0,2018,10,Emergency,79.5,967.0,-2561.0
Upper Nile,Maiwut,43065.0,2019,1,Crisis,65.1,996.0,-2637.0
Upper Nile,Maiwut,121986.0,2019,8,Emergency,69.7,996.0,-2637.0
Upper Nile,Maiwut,121986.0,2019,9,Emergency,65.6,996.0,-2637.0
Upper Nile,Maiwut,121986.0,2020,1,Emergency,54.9,1033.0,-2737.0
Upper Nile,Maiwut,123617.0,2020,1,Emergency,54.9,1033.0,-2737.0
Upper Nile,Maiwut,121986.0,2020,2,Emergency,59.9,1033.0,-2737.0
Upper Nile,Maiwut,121986.0,2020,5,Emergency,59.8,1033.0,-2737.0
Upper Nile,Maiwut,132136.0,2022,2,Emergency,69.7,595.0,-3405.0
Upper Nile,Maiwut,132136.0,2022,4,Emergency,70.4,595.0,-3405.0
Upper Nile,Maiwut,132387.0,2022,10,Emergency,79.5,595.0,-3405.0
Upper Nile,Maiwut,132387.0,2022,12,Crisis,59.7,595.0,-3405.0
Upper Nile,Maiwut,132387.0,2023,4,Crisis,60.4,645.0,-3475.0
Upper Nile,Maiwut,35839.0,2023,9,Emergency,70.2,645.0,-3475.0
Upper Nile,Maiwut,35839.0,2023,12,Crisis,55.8,645.0,-3475.0
Upper Nile,Maiwut,35839.0,2024,4,Crisis,50.2,1032.0,-2106.0
Upper Nile,Maiwut,136359.0,2024,9,Crisis,58.6,1032.0,-2106.0
Upper Nile,Maiwut,105551.0,2024,12,Crisis,45.5,1032.0,-2106.0
Upper Nile,Maiwut,107182.0,2025,4,Crisis,40.7,4436.0,-7502.0
Upper Nile,Malakal,147465.0,2014,10,Crisis,65.1,510.5,-10448.105263157897
Upper Nile,Malakal,150148.0,2015,1,Stressed,14.9,510.5,-10448.105263157897
Upper Nile,Malakal,150148.0,2015,4,Crisis,55.3,510.5,-10448.105263157897
Upper Nile,Malakal,150148.0,2015,5,Stressed,15.3,510.5,-10448.105263157897
Upper Nile,Malakal,150148.0,2015,8,Crisis,45.3,510.5,-10448.105263157897
Upper Nile,Malakal,150148.0,2015,10,Crisis,85.2,510.5,-10448.105263157897
Upper Nile,Malakal,152831.0,2016,1,Crisis,69.9,233.0,-14280.0
Upper Nile,Malakal,152831.0,2016,4,Crisis,39.9,233.0,-14280.0
Upper Nile,Malakal,152831.0,2016,5,Crisis,70.0,233.0,-14280.0
Upper Nile,Malakal,152831.0,2016,8,Crisis,85.1,233.0,-14280.0
Upper Nile,Malakal,152831.0,2016,10,Crisis,64.8,233.0,-14280.0
Upper Nile,Malakal,154915.0,2017,1,Crisis,55.0,415.0,-12527.0
Upper Nile,Malakal,154915.0,2017,2,Crisis,34.9,415.0,-12527.0
Upper Nile,Malakal,154915.0,2017,5,Crisis,44.5,415.0,-12527.0
Upper Nile,Malakal,154915.0,2017,6,Crisis,64.6,415.0,-12527.0
Upper Nile,Malakal,71954.0,2017,9,Crisis,64.6,415.0,-12527.0
Upper Nile,Malakal,71954.0,2017,10,Emergency,69.5,415.0,-12527.0
Upper Nile,Malakal,74113.0,2018,1,Crisis,59.8,271.0,-6769.0
Upper Nile,Malakal,74113.0,2018,2,Crisis,59.4,271.0,-6769.0
Upper Nile,Malakal,74113.0,2018,5,Emergency,60.7,271.0,-6769.0
Upper Nile,Malakal,74113.0,2018,9,Emergency,70.2,271.0,-6769.0
Upper Nile,Malakal,74113.0,2018,10,Emergency,81.0,271.0,-6769.0
Upper Nile,Malakal,76907.0,2019,1,Crisis,59.4,279.0,-6973.0
Upper Nile,Malakal,183476.0,2019,8,Crisis,70.2,279.0,-6973.0
Upper Nile,Malakal,183476.0,2019,9,Crisis,60.5,279.0,-6973.0
Upper Nile,Malakal,183476.0,2020,1,Crisis,44.7,414.0,-7111.0
Upper Nile,Malakal,186071.0,2020,1,Crisis,55.0,414.0,-7111.0
Upper Nile,Malakal,183476.0,2020,2,Crisis,54.8,414.0,-7111.0
Upper Nile,Malakal,183476.0,2020,5,Emergency,65.4,414.0,-7111.0
Upper Nile,Malakal,195157.0,2022,2,Emergency,70.3,235.0,-7748.0
Upper Nile,Malakal,195157.0,2022,4,Emergency,54.8,235.0,-7748.0
Upper Nile,Malakal,195528.0,2022,10,Emergency,75.3,235.0,-7748.0
Upper Nile,Malakal,195528.0,2022,12,Emergency,65.0,235.0,-7748.0
Upper Nile,Malakal,195528.0,2023,4,Emergency,70.1,236.0,-7987.0
Upper Nile,Malakal,76231.0,2023,9,Emergency,80.3,236.0,-7987.0
Upper Nile,Malakal,76231.0,2023,12,Crisis,49.8,236.0,-7987.0
Upper Nile,Malakal,76231.0,2024,4,Crisis,53.8,456.0,-7003.0
Upper Nile,Malakal,201394.0,2024,9,Emergency,64.3,456.0,-7003.0
Upper Nile,Malakal,168010.0,2024,12,Emergency,69.5,456.0,-7003.0
Upper Nile,Malakal,170605.0,2025,4,Emergency,64.9,1598.0,-18108.0
Upper Nile,Manyo,62766.0,2014,10,Stressed,14.3,1462.2631578947369,-1853.4473684210527
Upper Nile,Manyo,63913.0,2015,1,Stressed,14.3,1462.2631578947369,-1853.4473684210527
Upper Nile,Manyo,63913.0,2015,4,Emergency,54.8,1462.2631578947369,-1853.4473684210527
Upper Nile,Manyo,63913.0,2015,5,Crisis,64.1,1462.2631578947369,-1853.4473684210527
Upper Nile,Manyo,63913.0,2015,8,Crisis,64.1,1462.2631578947369,-1853.4473684210527
Upper Nile,Manyo,63913.0,2015,10,Crisis,79.8,1462.2631578947369,-1853.4473684210527
Upper Nile,Manyo,65059.0,2016,1,Crisis,59.5,1007.0,-3092.0
Upper Nile,Manyo,65059.0,2016,4,Crisis,44.6,1007.0,-3092.0
Upper Nile,Manyo,65059.0,2016,5,Crisis,75.3,1007.0,-3092.0
Upper Nile,Manyo,65059.0,2016,8,Emergency,84.5,1007.0,-3092.0
Upper Nile,Manyo,65059.0,2016,10,Crisis,70.7,1007.0,-3092.0
Upper Nile,Manyo,66206.0,2017,1,Crisis,55.3,926.0,-2842.0
Upper Nile,Manyo,66206.0,2017,2,Crisis,19.6,926.0,-2842.0
Upper Nile,Manyo,66206.0,2017,5,Crisis,34.7,926.0,-2842.0
Upper Nile,Manyo,66206.0,2017,6,Emergency,75.5,926.0,-2842.0
Upper Nile,Manyo,16689.0,2017,9,Emergency,75.5,926.0,-2842.0
Upper Nile,Manyo,16689.0,2017,10,Emergency,77.9,926.0,-2842.0
Upper Nile,Manyo,17190.0,2018,1,Emergency,77.9,477.0,-984.0
Upper Nile,Manyo,17190.0,2018,2,Crisis,64.0,477.0,-984.0
Upper Nile,Manyo,17190.0,2018,5,Crisis,64.0,477.0,-984.0
Upper Nile,Manyo,27779.0,2018,9,Emergency,64.0,477.0,-984.0
Upper Nile,Manyo,27779.0,2018,10,Crisis,64.8,477.0,-984.0
Upper Nile,Manyo,28826.0,2019,1,Crisis,39.6,491.0,-1014.0
Upper Nile,Manyo,76283.0,2019,8,Crisis,55.5,491.0,-1014.0
Upper Nile,Manyo,76283.0,2019,9,Emergency,55.1,491.0,-1014.0
Upper Nile,Manyo,76283.0,2020,1,Crisis,49.8,824.0,-1700.0
Upper Nile,Manyo,77063.0,2020,1,Crisis,51.1,824.0,-1700.0
Upper Nile,Manyo,76283.0,2020,2,Crisis,40.2,824.0,-1700.0
Upper Nile,Manyo,76283.0,2020,5,Emergency,60.3,824.0,-1700.0
Upper Nile,Manyo,78934.0,2022,2,Emergency,74.7,822.0,-1855.0
Upper Nile,Manyo,78934.0,2022,4,Crisis,40.5,822.0,-1855.0
Upper Nile,Manyo,79084.0,2022,10,Crisis,50.7,822.0,-1855.0
Upper Nile,Manyo,79084.0,2022,12,Emergency,60.7,822.0,-1855.0
Upper Nile,Manyo,79084.0,2023,4,Emergency,70.8,1080.0,-1678.0
Upper Nile,Manyo,19860.0,2023,9,Emergency,75.9,1080.0,-1678.0
Upper Nile,Manyo,19860.0,2023,12,Crisis,50.4,1080.0,-1678.0
Upper Nile,Manyo,19860.0,2024,4,Crisis,50.4,991.0,-748.0
Upper Nile,Manyo,81456.0,2024,9,Crisis,60.4,991.0,-748.0
Upper Nile,Manyo,50489.0,2024,12,Crisis,50.3,991.0,-748.0
Upper Nile,Manyo,51269.0,2025,4,Crisis,47.5,5336.0,-1795.0
Upper Nile,Melut,57209.0,2014,10,Stressed,15.7,3551.5,-3587.6315789473683
Upper Nile,Melut,58253.0,2015,1,Stressed,15.7,3551.5,-3587.6315789473683
Upper Nile,Melut,58253.0,2015,4,Crisis,54.9,3551.5,-3587.6315789473683
Upper Nile,Melut,58253.0,2015,5,Crisis,29.2,3551.5,-3587.6315789473683
Upper Nile,Melut,58253.0,2015,8,Crisis,54.9,3551.5,-3587.6315789473683
Upper Nile,Melut,58253.0,2015,10,Crisis,75.5,3551.5,-3587.6315789473683
Upper Nile,Melut,59299.0,2016,1,Crisis,44.6,1338.0,-5427.0
Upper Nile,Melut,59299.0,2016,4,Stressed,15.2,1338.0,-5427.0
Upper Nile,Melut,59299.0,2016,5,Stressed,15.2,1338.0,-5427.0
Upper Nile,Melut,59299.0,2016,8,Crisis,25.3,1338.0,-5427.0
Upper Nile,Melut,59299.0,2016,10,Crisis,20.2,1338.0,-5427.0
Upper Nile,Melut,60344.0,2017,1,Stressed,10.1,3329.0,-1720.0
Upper Nile,Melut,60344.0,2017,2,Minimal,5.0,3329.0,-1720.0
Upper Nile,Melut,60344.0,2017,5,Stressed,5.0,3329.0,-1720.0
Upper Nile,Melut,60344.0,2017,6,Stressed,14.9,3329.0,-1720.0
Upper Nile,Melut,73105.0,2017,9,Stressed,14.9,3329.0,-1720.0
Upper Nile,Melut,73105.0,2017,10,Crisis,60.2,3329.0,-1720.0
Upper Nile,Melut,75298.0,2018,1,Crisis,35.6,4052.0,-2348.0
Upper Nile,Melut,75298.0,2018,2,Crisis,49.1,4052.0,-2348.0
Upper Nile,Melut,75298.0,2018,5,Emergency,59.8,4052.0,-2348.0
Upper Nile,Melut,75298.0,2018,9,Emergency,59.8,4052.0,-2348.0
Upper Nile,Melut,75298.0,2018,10,Crisis,65.1,4052.0,-2348.0
Upper Nile,Melut,78137.0,2019,1,Stressed,15.9,2435.0,-4157.0
Upper Nile,Melut,125533.0,2019,8,Crisis,41.0,2435.0,-4157.0
Upper Nile,Melut,125533.0,2019,9,Emergency,55.0,2435.0,-4157.0
Upper Nile,Melut,125533.0,2020,1,Crisis,35.1,2526.0,-4315.0
Upper Nile,Melut,126543.0,2020,1,Crisis,45.4,2526.0,-4315.0
Upper Nile,Melut,125533.0,2020,2,Crisis,45.0,2526.0,-4315.0
Upper Nile,Melut,125533.0,2020,5,Crisis,55.0,2526.0,-4315.0
Upper Nile,Melut,129858.0,2022,2,Crisis,59.7,3051.0,-4206.0
Upper Nile,Melut,129858.0,2022,4,Crisis,49.3,3051.0,-4206.0
Upper Nile,Melut,130105.0,2022,10,Emergency,60.1,3051.0,-4206.0
Upper Nile,Melut,130105.0,2022,12,Crisis,50.0,3051.0,-4206.0
Upper Nile,Melut,130105.0,2023,4,Crisis,50.7,3549.0,-3926.0
Upper Nile,Melut,65142.0,2023,9,Crisis,65.3,3549.0,-3926.0
Upper Nile,Melut,65142.0,2023,12,Crisis,66.0,3549.0,-3926.0
Upper Nile,Melut,65142.0,2024,4,Crisis,59.9,3761.0,-1942.0
Upper Nile,Melut,134008.0,2024,9,Crisis,70.6,3761.0,-1942.0
Upper Nile,Melut,65409.0,2024,12,Crisis,45.5,3761.0,-1942.0
Upper Nile,Melut,66420.0,2025,4,Crisis,39.7,6894.0,-4838.0
Upper Nile,Panyikang,51040.0,2014,10,Crisis,80.3,511.2857142857143,-2333.8571428571427
Upper Nile,Panyikang,51973.0,2015,1,Stressed,15.7,511.2857142857143,-2333.8571428571427
Upper Nile,Panyikang,51973.0,2015,4,Crisis,34.6,511.2857142857143,-2333.8571428571427
Upper Nile,Panyikang,51973.0,2015,5,Stressed,15.4,511.2857142857143,-2333.8571428571427
Upper Nile,Panyikang,51973.0,2015,8,Crisis,65.4,511.2857142857143,-2333.8571428571427
Upper Nile,Panyikang,51973.0,2015,10,Emergency,94.3,511.2857142857143,-2333.8571428571427
Upper Nile,Panyikang,52905.0,2016,1,Crisis,90.4,104.0,-2013.0
Upper Nile,Panyikang,52905.0,2016,4,Emergency,94.5,104.0,-2013.0
Upper Nile,Panyikang,52905.0,2016,5,Crisis,85.1,104.0,-2013.0
Upper Nile,Panyikang,52905.0,2016,8,Emergency,85.1,104.0,-2013.0
Upper Nile,Panyikang,52905.0,2016,10,Crisis,75.6,104.0,-2013.0
Upper Nile,Panyikang,53837.0,2017,1,Crisis,58.6,435.0,-2098.0
Upper Nile,Panyikang,53837.0,2017,2,Crisis,20.4,435.0,-2098.0
Upper Nile,Panyikang,53837.0,2017,5,Crisis,26.0,435.0,-2098.0
Upper Nile,Panyikang,53837.0,2017,6,Emergency,74.3,435.0,-2098.0
Upper Nile,Panyikang,23760.0,2017,9,Emergency,74.3,435.0,-2098.0
Upper Nile,Panyikang,23760.0,2017,10,Emergency,75.8,435.0,-2098.0
Upper Nile,Panyikang,24473.0,2018,1,Emergency,67.3,426.0,-1654.0
Upper Nile,Panyikang,24473.0,2018,2,Emergency,81.7,426.0,-1654.0
Upper Nile,Panyikang,24473.0,2018,5,Emergency,81.7,426.0,-1654.0
Upper Nile,Panyikang,24473.0,2018,9,Emergency,85.8,426.0,-1654.0
Upper Nile,Panyikang,24473.0,2018,10,Emergency,85.8,426.0,-1654.0
Upper Nile,Panyikang,25395.0,2019,1,Emergency,77.6,439.0,-1704.0
Upper Nile,Panyikang,64879.0,2019,8,Emergency,74.8,439.0,-1704.0
Upper Nile,Panyikang,64879.0,2019,9,Crisis,49.3,439.0,-1704.0
Upper Nile,Panyikang,64879.0,2020,1,Crisis,33.9,455.0,-1768.0
Upper Nile,Panyikang,65811.0,2020,1,Crisis,55.5,455.0,-1768.0
Upper Nile,Panyikang,64879.0,2020,2,Crisis,44.1,455.0,-1768.0
Upper Nile,Panyikang,64879.0,2020,5,Emergency,60.1,455.0,-1768.0
Upper Nile,Panyikang,66927.0,2022,2,Emergency,64.7,483.0,-1876.0
Upper Nile,Panyikang,66927.0,2022,4,Emergency,64.2,483.0,-1876.0
Upper Nile,Panyikang,29779.0,2023,9,Emergency,74.7,435.0,-1995.0
Upper Nile,Panyikang,29779.0,2023,12,Crisis,67.2,435.0,-1995.0
Upper Nile,Panyikang,29779.0,2024,4,Emergency,70.5,467.0,-2140.0
Upper Nile,Panyikang,69066.0,2024,9,Emergency,73.9,467.0,-2140.0
Upper Nile,Panyikang,60342.0,2024,12,Emergency,65.2,467.0,-2140.0
Upper Nile,Panyikang,61274.0,2025,4,Emergency,61.3,1323.0,-4724.0
Upper Nile,Renk,176018.0,2014,10,Stressed,10.2,8505.973684210527,-5213.0
Upper Nile,Renk,179172.0,2015,1,Minimal,5.1,8505.973684210527,-5213.0
Upper Nile,Renk,179172.0,2015,4,Stressed,15.1,8505.973684210527,-5213.0
Upper Nile,Renk,179172.0,2015,5,Stressed,10.0,8505.973684210527,-5213.0
Upper Nile,Renk,179172.0,2015,8,Stressed,15.1,8505.973684210527,-5213.0
Upper Nile,Renk,179172.0,2015,10,Stressed,15.1,8505.973684210527,-5213.0
Upper Nile,Renk,182325.0,2016,1,Stressed,10.0,7068.0,-9432.0
Upper Nile,Renk,182325.0,2016,4,Minimal,4.9,7068.0,-9432.0
Upper Nile,Renk,182325.0,2016,5,Stressed,9.9,7068.0,-9432.0
Upper Nile,Renk,182325.0,2016,8,Stressed,14.8,7068.0,-9432.0
Upper Nile,Renk,182325.0,2016,10,Stressed,9.9,7068.0,-9432.0
Upper Nile,Renk,182069.0,2017,1,Minimal,4.9,6577.0,-8010.0
Upper Nile,Renk,182069.0,2017,2,Minimal,4.9,6577.0,-8010.0
Upper Nile,Renk,182069.0,2017,5,Minimal,4.9,6577.0,-8010.0
Upper Nile,Renk,182069.0,2017,6,Stressed,14.8,6577.0,-8010.0
Upper Nile,Renk,123368.0,2017,9,Stressed,14.8,6577.0,-8010.0
Upper Nile,Renk,123368.0,2017,10,Emergency,50.3,6577.0,-8010.0
Upper Nile,Renk,127069.0,2018,1,Crisis,30.0,8702.0,-2734.0
Upper Nile,Renk,127069.0,2018,2,Crisis,35.4,8702.0,-2734.0
Upper Nile,Renk,127069.0,2018,5,Crisis,29.9,8702.0,-2734.0
Upper Nile,Renk,127069.0,2018,9,Crisis,40.1,8702.0,-2734.0
Upper Nile,Renk,127069.0,2018,10,Crisis,39.3,8702.0,-2734.0
Upper Nile,Renk,131859.0,2019,1,Stressed,15.0,6374.0,-5405.0
Upper Nile,Renk,188564.0,2019,8,Stressed,15.2,6374.0,-5405.0
Upper Nile,Renk,188564.0,2019,9,Crisis,49.9,6374.0,-5405.0
Upper Nile,Renk,188564.0,2020,1,Crisis,35.0,4960.0,-7263.0
Upper Nile,Renk,191391.0,2020,1,Crisis,35.0,4960.0,-7263.0
Upper Nile,Renk,188564.0,2020,2,Crisis,45.5,4960.0,-7263.0
Upper Nile,Renk,188564.0,2020,5,Crisis,40.3,4960.0,-7263.0
Upper Nile,Renk,193787.0,2022,2,Crisis,49.9,6578.0,-6390.0
Upper Nile,Renk,193787.0,2022,4,Crisis,39.7,6578.0,-6390.0
Upper Nile,Renk,194155.0,2022,10,Emergency,50.1,6578.0,-6390.0
Upper Nile,Renk,194155.0,2022,12,Crisis,45.3,6578.0,-6390.0
Upper Nile,Renk,194155.0,2023,4,Crisis,35.0,10078.0,-3279.0
Upper Nile,Renk,38976.0,2023,9,Crisis,44.8,10078.0,-3279.0
Upper Nile,Renk,38976.0,2023,12,Crisis,56.4,10078.0,-3279.0
Upper Nile,Renk,38976.0,2024,4,Emergency,66.7,3436.0,-177.0
Upper Nile,Renk,199980.0,2024,9,Emergency,74.4,3436.0,-177.0
Upper Nile,Renk,182977.0,2024,12,Crisis,50.0,3436.0,-177.0
Upper Nile,Renk,185804.0,2025,4,Crisis,39.9,21733.0,3195.0
Upper Nile,Ulang,106441.0,2014,10,Crisis,45.1,2156.1315789473683,-7484.184210526316
Upper Nile,Ulang,108385.0,2015,1,Stressed,15.0,2156.1315789473683,-7484.184210526316
Upper Nile,Ulang,108385.0,2015,4,Emergency,55.4,2156.1315789473683,-7484.184210526316
Upper Nile,Ulang,108385.0,2015,5,Emergency,80.3,2156.1315789473683,-7484.184210526316
Upper Nile,Ulang,108385.0,2015,8,Emergency,95.0,2156.1315789473683,-7484.184210526316
Upper Nile,Ulang,108385.0,2015,10,Crisis,79.3,2156.1315789473683,-7484.184210526316
Upper Nile,Ulang,110330.0,2016,1,Crisis,44.3,2185.0,-7622.0
Upper Nile,Ulang,110330.0,2016,4,Crisis,50.8,2185.0,-7622.0
Upper Nile,Ulang,110330.0,2016,5,Crisis,30.8,2185.0,-7622.0
Upper Nile,Ulang,110330.0,2016,8,Crisis,40.8,2185.0,-7622.0
Upper Nile,Ulang,110330.0,2016,10,Stressed,15.4,2185.0,-7622.0
Upper Nile,Ulang,112275.0,2017,1,Stressed,10.0,2454.0,-8558.0
Upper Nile,Ulang,112275.0,2017,2,Stressed,5.3,2454.0,-8558.0
Upper Nile,Ulang,112275.0,2017,5,Crisis,20.5,2454.0,-8558.0
Upper Nile,Ulang,112275.0,2017,6,Crisis,49.9,2454.0,-8558.0
Upper Nile,Ulang,95880.0,2017,9,Crisis,55.2,2454.0,-8558.0
Upper Nile,Ulang,95880.0,2017,10,Emergency,60.5,2454.0,-8558.0
Upper Nile,Ulang,98756.0,2018,1,Crisis,50.1,1870.0,-6524.0
Upper Nile,Ulang,98756.0,2018,2,Crisis,59.7,1870.0,-6524.0
Upper Nile,Ulang,98756.0,2018,5,Emergency,60.8,1870.0,-6524.0
Upper Nile,Ulang,98756.0,2018,9,Emergency,69.9,1870.0,-6524.0
Upper Nile,Ulang,98756.0,2018,10,Emergency,80.0,1870.0,-6524.0
Upper Nile,Ulang,102479.0,2019,1,Crisis,69.9,1927.0,-6719.0
Upper Nile,Ulang,115640.0,2019,8,Emergency,80.0,1927.0,-6719.0
Upper Nile,Ulang,115640.0,2019,9,Emergency,70.0,1927.0,-6719.0
Upper Nile,Ulang,115640.0,2020,1,Emergency,59.7,1999.0,-6973.0
Upper Nile,Ulang,117385.0,2020,1,Emergency,59.7,1999.0,-6973.0
Upper Nile,Ulang,115640.0,2020,2,Emergency,64.7,1999.0,-6973.0
Upper Nile,Ulang,115640.0,2020,5,Emergency,64.9,1999.0,-6973.0
Upper Nile,Ulang,141134.0,2022,2,Emergency,70.0,1620.0,-7898.0
Upper Nile,Ulang,141134.0,2022,4,Emergency,49.6,1620.0,-7898.0
Upper Nile,Ulang,141402.0,2022,10,Emergency,59.5,1620.0,-7898.0
Upper Nile,Ulang,141402.0,2022,12,Emergency,65.1,1620.0,-7898.0
Upper Nile,Ulang,141402.0,2023,4,Emergency,70.0,1517.0,-8287.0
Upper Nile,Ulang,58708.0,2023,9,Emergency,70.0,1517.0,-8287.0
Upper Nile,Ulang,58708.0,2023,12,Crisis,64.7,1517.0,-8287.0
Upper Nile,Ulang,58708.0,2024,4,Crisis,59.6,1336.0,-3804.0
Upper Nile,Ulang,145644.0,2024,9,Emergency,69.8,1336.0,-3804.0
Upper Nile,Ulang,112966.0,2024,12,Crisis,60.4,1336.0,-3804.0
Upper Nile,Ulang,114711.0,2025,4,Crisis,49.6,3836.0,-8915.0
Warrap,Gogrial East,142190.0,2014,10,Stressed,9.8,10393.263157894737,-4020.184210526316
Warrap,Gogrial East,144789.0,2015,1,Minimal,4.9,10393.263157894737,-4020.184210526316
Warrap,Gogrial East,144789.0,2015,4,Stressed,9.7,10393.263157894737,-4020.184210526316
Warrap,Gogrial East,144789.0,2015,5,Crisis,60.1,10393.263157894737,-4020.184210526316
Warrap,Gogrial East,144789.0,2015,8,Crisis,60.1,10393.263157894737,-4020.184210526316
Warrap,Gogrial East,144789.0,2015,10,Crisis,29.7,10393.263157894737,-4020.184210526316
Warrap,Gogrial East,147386.0,2016,1,Stressed,9.7,10131.0,-3159.0
Warrap,Gogrial East,147386.0,2016,4,Stressed,14.9,10131.0,-3159.0
Warrap,Gogrial East,147386.0,2016,5,Crisis,45.5,10131.0,-3159.0
Warrap,Gogrial East,147386.0,2016,8,Crisis,44.8,10131.0,-3159.0
Warrap,Gogrial East,147386.0,2016,10,Crisis,45.5,10131.0,-3159.0
Warrap,Gogrial East,149984.0,2017,1,Crisis,24.4,10908.0,-3401.0
Warrap,Gogrial East,149984.0,2017,2,Crisis,19.3,10908.0,-3401.0
Warrap,Gogrial East,149984.0,2017,5,Stressed,14.7,10908.0,-3401.0
Warrap,Gogrial East,149984.0,2017,6,Crisis,40.0,10908.0,-3401.0
Warrap,Gogrial East,117079.0,2017,9,Crisis,59.3,10908.0,-3401.0
Warrap,Gogrial East,117079.0,2017,10,Emergency,49.5,10908.0,-3401.0
Warrap,Gogrial East,137155.0,2018,1,Crisis,55.5,7859.0,-3597.0
Warrap,Gogrial East,137155.0,2018,2,Crisis,50.3,7859.0,-3597.0
Warrap,Gogrial East,137155.0,2018,5,Crisis,55.4,7859.0,-3597.0
Warrap,Gogrial East,137155.0,2018,9,Emergency,64.9,7859.0,-3597.0
Warrap,Gogrial East,137155.0,2018,10,Emergency,54.7,7859.0,-3597.0
Warrap,Gogrial East,142326.0,2019,1,Stressed,15.3,3243.0,-6869.0
Warrap,Gogrial East,126978.0,2019,8,Crisis,24.6,3243.0,-6869.0
Warrap,Gogrial East,126978.0,2019,9,Crisis,64.6,3243.0,-6869.0
Warrap,Gogrial East,126978.0,2020,1,Stressed,15.0,7962.0,-5965.0
Warrap,Gogrial East,129097.0,2020,1,Crisis,29.9,7962.0,-5965.0
Warrap,Gogrial East,126978.0,2020,2,Crisis,34.9,7962.0,-5965.0
Warrap,Gogrial East,126978.0,2020,5,Crisis,40.2,7962.0,-5965.0
Warrap,Gogrial East,130879.0,2022,2,Crisis,49.6,7163.0,-7612.0
Warrap,Gogrial East,130879.0,2022,4,Crisis,55.0,7163.0,-7612.0
Warrap,Gogrial East,131128.0,2022,10,Emergency,64.9,7163.0,-7612.0
Warrap,Gogrial East,131128.0,2022,12,Emergency,54.9,7163.0,-7612.0
Warrap,Gogrial East,131128.0,2023,4,Emergency,60.2,7378.0,-7840.0
Warrap,Gogrial East,273977.0,2023,9,Emergency,64.8,7378.0,-7840.0
Warrap,Gogrial East,273977.0,2023,12,Crisis,35.0,7378.0,-7840.0
Warrap,Gogrial East,273977.0,2024,4,Crisis,44.9,25151.0,-1658.0
Warrap,Gogrial East,135062.0,2024,9,Crisis,55.1,25151.0,-1658.0
Warrap,Gogrial East,137193.0,2024,12,Crisis,45.2,25151.0,-1658.0
Warrap,Gogrial East,139312.0,2025,4,Emergency,54.7,13630.0,414.0
Warrap,Gogrial West,320287.0,2014,10,Stressed,5.0,48157.31578947369,8626.473684210527
Warrap,Gogrial West,326139.0,2015,1,Minimal,0.0,48157.31578947369,8626.473684210527
Warrap,Gogrial West,326139.0,2015,4,Stressed,10.1,48157.31578947369,8626.473684210527
Warrap,Gogrial West,326139.0,2015,5,Crisis,44.8,48157.31578947369,8626.473684210527
Warrap,Gogrial West,326139.0,2015,8,Crisis,50.0,48157.31578947369,8626.473684210527
Warrap,Gogrial West,326139.0,2015,10,Crisis,30.0,48157.31578947369,8626.473684210527
Warrap,Gogrial West,331990.0,2016,1,Stressed,10.1,36340.0,1291.0
Warrap,Gogrial West,331990.0,2016,4,Stressed,15.1,36340.0,1291.0
Warrap,Gogrial West,331990.0,2016,5,Stressed,15.1,36340.0,1291.0
Warrap,Gogrial West,331990.0,2016,8,Crisis,20.2,36340.0,1291.0
Warrap,Gogrial West,331990.0,2016,10,Crisis,44.9,36340.0,1291.0
Warrap,Gogrial West,337842.0,2017,1,Crisis,25.0,52249.0,15982.0
Warrap,Gogrial West,337842.0,2017,2,Stressed,15.1,52249.0,15982.0
Warrap,Gogrial West,337842.0,2017,5,Crisis,25.2,52249.0,15982.0
Warrap,Gogrial West,337842.0,2017,6,Crisis,50.0,52249.0,15982.0
Warrap,Gogrial West,349873.0,2017,9,Crisis,60.1,52249.0,15982.0
Warrap,Gogrial West,349873.0,2017,10,Emergency,70.0,52249.0,15982.0
Warrap,Gogrial West,340952.0,2018,1,Crisis,49.7,51623.0,13784.0
Warrap,Gogrial West,340952.0,2018,2,Crisis,49.9,51623.0,13784.0
Warrap,Gogrial West,340952.0,2018,5,Crisis,59.8,51623.0,13784.0
Warrap,Gogrial West,340952.0,2018,9,Emergency,59.8,51623.0,13784.0
Warrap,Gogrial West,340952.0,2018,10,Emergency,59.8,51623.0,13784.0
Warrap,Gogrial West,353806.0,2019,1,Stressed,15.0,14651.0,-20650.0
Warrap,Gogrial West,314363.0,2019,8,Crisis,30.0,14651.0,-20650.0
Warrap,Gogrial West,314363.0,2019,9,Crisis,54.7,14651.0,-20650.0
Warrap,Gogrial West,314363.0,2020,1,Crisis,20.0,43642.0,5377.0
Warrap,Gogrial West,319368.0,2020,1,Crisis,39.8,43642.0,5377.0
Warrap,Gogrial West,314363.0,2020,2,Crisis,45.1,43642.0,5377.0
Warrap,Gogrial West,314363.0,2020,5,Crisis,44.9,43642.0,5377.0
Warrap,Gogrial West,325922.0,2022,2,Emergency,55.0,35728.0,-4867.0
Warrap,Gogrial West,325922.0,2022,4,Emergency,54.9,35728.0,-4867.0
Warrap,Gogrial West,326541.0,2022,10,Emergency,65.0,35728.0,-4867.0
Warrap,Gogrial West,326541.0,2022,12,Emergency,54.8,35728.0,-4867.0
Warrap,Gogrial West,326541.0,2023,4,Emergency,49.9,53336.0,11523.0
Warrap,Gogrial West,582379.0,2023,9,Emergency,65.2,53336.0,11523.0
Warrap,Gogrial West,582379.0,2023,12,Crisis,40.0,53336.0,11523.0
Warrap,Gogrial West,582379.0,2024,4,Crisis,45.0,88378.0,25393.0
Warrap,Gogrial West,336337.0,2024,9,Emergency,54.9,88378.0,25393.0
Warrap,Gogrial West,324005.0,2024,12,Crisis,40.1,88378.0,25393.0
Warrap,Gogrial West,329010.0,2025,4,Crisis,50.0,55786.0,19411.0
Warrap,Tonj East,132384.0,2014,10,Stressed,5.3,9243.394736842103,-6684.210526315789
Warrap,Tonj East,134803.0,2015,1,Minimal,0.0,9243.394736842103,-6684.210526315789
Warrap,Tonj East,134803.0,2015,4,Stressed,9.6,9243.394736842103,-6684.210526315789
Warrap,Tonj East,134803.0,2015,5,Crisis,80.1,9243.394736842103,-6684.210526315789
Warrap,Tonj East,134803.0,2015,8,Crisis,80.1,9243.394736842103,-6684.210526315789
Warrap,Tonj East,134803.0,2015,10,Crisis,29.7,9243.394736842103,-6684.210526315789
Warrap,Tonj East,137222.0,2016,1,Stressed,9.6,6220.0,-6715.0
Warrap,Tonj East,137222.0,2016,4,Stressed,15.3,6220.0,-6715.0
Warrap,Tonj East,137222.0,2016,5,Crisis,55.4,6220.0,-6715.0
Warrap,Tonj East,137222.0,2016,8,Crisis,55.4,6220.0,-6715.0
Warrap,Tonj East,137222.0,2016,10,Crisis,36.4,6220.0,-6715.0
Warrap,Tonj East,139640.0,2017,1,Stressed,15.3,6788.0,-7327.0
Warrap,Tonj East,139640.0,2017,2,Stressed,15.0,6788.0,-7327.0
Warrap,Tonj East,139640.0,2017,5,Crisis,20.1,6788.0,-7327.0
Warrap,Tonj East,139640.0,2017,6,Crisis,40.1,6788.0,-7327.0
Warrap,Tonj East,127006.0,2017,9,Crisis,50.1,6788.0,-7327.0
Warrap,Tonj East,127006.0,2017,10,Crisis,44.9,6788.0,-7327.0
Warrap,Tonj East,116899.0,2018,1,Stressed,15.0,6291.0,-6791.0
Warrap,Tonj East,116899.0,2018,2,Crisis,50.5,6291.0,-6791.0
Warrap,Tonj East,116899.0,2018,5,Crisis,55.6,6291.0,-6791.0
Warrap,Tonj East,116899.0,2018,9,Emergency,59.9,6291.0,-6791.0
Warrap,Tonj East,116899.0,2018,10,Crisis,59.9,6291.0,-6791.0
Warrap,Tonj East,121306.0,2019,1,Stressed,15.4,5604.0,-1717.0
Warrap,Tonj East,146892.0,2019,8,Crisis,24.7,5604.0,-1717.0
Warrap,Tonj East,146892.0,2019,9,Crisis,59.9,5604.0,-1717.0
Warrap,Tonj East,146892.0,2020,1,Stressed,15.0,6008.0,-6486.0
Warrap,Tonj East,149275.0,2020,1,Crisis,44.9,6008.0,-6486.0
Warrap,Tonj East,146892.0,2020,2,Crisis,40.2,6008.0,-6486.0
Warrap,Tonj East,146892.0,2020,5,Crisis,55.1,6008.0,-6486.0
Warrap,Tonj East,138389.0,2022,2,Emergency,59.9,5043.0,-8212.0
Warrap,Tonj East,138389.0,2022,4,Emergency,70.1,5043.0,-8212.0
Warrap,Tonj East,184757.0,2022,10,Emergency,75.2,5043.0,-8212.0
Warrap,Tonj East,184757.0,2022,12,Emergency,54.7,5043.0,-8212.0
Warrap,Tonj East,184757.0,2023,4,Emergency,49.8,5454.0,-8199.0
Warrap,Tonj East,405663.0,2023,9,Emergency,69.8,5454.0,-8199.0
Warrap,Tonj East,405663.0,2023,12,Crisis,29.8,5454.0,-8199.0
Warrap,Tonj East,405663.0,2024,4,Crisis,40.2,31795.0,-9988.0
Warrap,Tonj East,190300.0,2024,9,Crisis,55.0,31795.0,-9988.0
Warrap,Tonj East,154247.0,2024,12,Crisis,40.5,31795.0,-9988.0
Warrap,Tonj East,156630.0,2025,4,Emergency,49.9,14637.0,-4964.0
Warrap,Tonj North,208118.0,2014,10,Stressed,4.8,19482.84210526316,-7832.921052631579
Warrap,Tonj North,211921.0,2015,1,Minimal,0.0,19482.84210526316,-7832.921052631579
Warrap,Tonj North,211921.0,2015,4,Stressed,9.9,19482.84210526316,-7832.921052631579
Warrap,Tonj North,211921.0,2015,5,Crisis,75.0,19482.84210526316,-7832.921052631579
Warrap,Tonj North,211921.0,2015,8,Crisis,75.0,19482.84210526316,-7832.921052631579
Warrap,Tonj North,211921.0,2015,10,Crisis,30.2,19482.84210526316,-7832.921052631579
Warrap,Tonj North,215724.0,2016,1,Stressed,9.9,16404.0,-4869.0
Warrap,Tonj North,215724.0,2016,4,Stressed,14.8,16404.0,-4869.0
Warrap,Tonj North,215724.0,2016,5,Crisis,45.4,16404.0,-4869.0
Warrap,Tonj North,215724.0,2016,8,Crisis,45.0,16404.0,-4869.0
Warrap,Tonj North,215724.0,2016,10,Crisis,40.3,16404.0,-4869.0
Warrap,Tonj North,219526.0,2017,1,Stressed,14.8,18247.0,-3726.0
Warrap,Tonj North,219526.0,2017,2,Stressed,15.0,18247.0,-3726.0
Warrap,Tonj North,219526.0,2017,5,Crisis,20.0,18247.0,-3726.0
Warrap,Tonj North,219526.0,2017,6,Crisis,40.1,18247.0,-3726.0
Warrap,Tonj North,233693.0,2017,9,Crisis,50.1,18247.0,-3726.0
Warrap,Tonj North,233693.0,2017,10,Crisis,24.8,18247.0,-3726.0
Warrap,Tonj North,240704.0,2018,1,Stressed,15.0,19988.0,-4082.0
Warrap,Tonj North,240704.0,2018,2,Crisis,39.9,19988.0,-4082.0
Warrap,Tonj North,240704.0,2018,5,Crisis,44.9,19988.0,-4082.0
Warrap,Tonj North,240704.0,2018,9,Crisis,54.8,19988.0,-4082.0
Warrap,Tonj North,240704.0,2018,10,Emergency,59.8,19988.0,-4082.0
Warrap,Tonj North,249779.0,2019,1,Stressed,15.0,7554.0,-5867.0
Warrap,Tonj North,262302.0,2019,8,Crisis,24.8,7554.0,-5867.0
Warrap,Tonj North,262302.0,2019,9,Crisis,49.9,7554.0,-5867.0
Warrap,Tonj North,262302.0,2020,1,Crisis,35.1,17091.0,-8636.0
Warrap,Tonj North,265692.0,2020,1,Crisis,30.1,17091.0,-8636.0
Warrap,Tonj North,262302.0,2020,2,Crisis,50.1,17091.0,-8636.0
Warrap,Tonj North,262302.0,2020,5,Crisis,40.0,17091.0,-8636.0
Warrap,Tonj North,263044.0,2022,2,Crisis,49.9,14732.0,-12561.0
Warrap,Tonj North,263044.0,2022,4,Emergency,70.0,14732.0,-12561.0
Warrap,Tonj North,263544.0,2022,10,Emergency,74.9,14732.0,-12561.0
Warrap,Tonj North,263544.0,2022,12,Emergency,55.0,14732.0,-12561.0
Warrap,Tonj North,263544.0,2023,4,Emergency,60.0,14090.0,-14022.0
Warrap,Tonj North,651355.0,2023,9,Emergency,64.9,14090.0,-14022.0
Warrap,Tonj North,651355.0,2023,12,Crisis,35.0,14090.0,-14022.0
Warrap,Tonj North,651355.0,2024,4,Crisis,39.9,47191.0,-19897.0
Warrap,Tonj North,271450.0,2024,9,Crisis,50.0,47191.0,-19897.0
Warrap,Tonj North,219468.0,2024,12,Crisis,35.0,47191.0,-19897.0
Warrap,Tonj North,222858.0,2025,4,Crisis,45.1,24021.0,-3938.0
Warrap,Tonj South,108454.0,2014,10,Crisis,20.3,19659.105263157893,4887.184210526316
Warrap,Tonj South,110436.0,2015,1,Stressed,4.6,19659.105263157893,4887.184210526316
Warrap,Tonj South,110436.0,2015,4,Crisis,25.4,19659.105263157893,4887.184210526316
Warrap,Tonj South,110436.0,2015,5,Crisis,45.3,19659.105263157893,4887.184210526316
Warrap,Tonj South,110436.0,2015,8,Crisis,45.3,19659.105263157893,4887.184210526316
Warrap,Tonj South,110436.0,2015,10,Crisis,30.8,19659.105263157893,4887.184210526316
Warrap,Tonj South,112417.0,2016,1,Stressed,10.0,12865.0,3281.0
Warrap,Tonj South,112417.0,2016,4,Stressed,15.1,12865.0,3281.0
Warrap,Tonj South,112417.0,2016,5,Crisis,40.0,12865.0,3281.0
Warrap,Tonj South,112417.0,2016,8,Crisis,40.0,12865.0,3281.0
Warrap,Tonj South,112417.0,2016,10,Crisis,40.0,12865.0,3281.0
Warrap,Tonj South,114399.0,2017,1,Stressed,15.1,16381.0,6030.0
Warrap,Tonj South,114399.0,2017,2,Stressed,14.9,16381.0,6030.0
Warrap,Tonj South,114399.0,2017,5,Crisis,20.1,16381.0,6030.0
Warrap,Tonj South,114399.0,2017,6,Stressed,17.5,16381.0,6030.0
Warrap,Tonj South,125581.0,2017,9,Crisis,44.6,16381.0,6030.0
Warrap,Tonj South,125581.0,2017,10,Crisis,45.4,16381.0,6030.0
Warrap,Tonj South,129349.0,2018,1,Stressed,15.1,19738.0,8097.0
Warrap,Tonj South,129349.0,2018,2,Crisis,39.4,19738.0,8097.0
Warrap,Tonj South,129349.0,2018,5,Crisis,44.8,19738.0,8097.0
Warrap,Tonj South,129349.0,2018,9,Crisis,54.9,19738.0,8097.0
Warrap,Tonj South,129349.0,2018,10,Crisis,54.9,19738.0,8097.0
Warrap,Tonj South,134225.0,2019,1,Stressed,14.7,44270.0,7395.0
Warrap,Tonj South,109316.0,2019,8,Crisis,24.6,44270.0,7395.0
Warrap,Tonj South,109316.0,2019,9,Crisis,59.5,44270.0,7395.0
Warrap,Tonj South,109316.0,2020,1,Stressed,14.6,21096.0,8654.0
Warrap,Tonj South,111092.0,2020,1,Crisis,44.8,21096.0,8654.0
Warrap,Tonj South,109316.0,2020,2,Crisis,39.6,21096.0,8654.0
Warrap,Tonj South,109316.0,2020,5,Crisis,54.9,21096.0,8654.0
Warrap,Tonj South,119379.0,2022,2,Emergency,60.4,14347.0,1147.0
Warrap,Tonj South,119379.0,2022,4,Emergency,65.3,14347.0,1147.0
Warrap,Tonj South,119606.0,2022,10,Emergency,75.4,14347.0,1147.0
Warrap,Tonj South,119606.0,2022,12,Emergency,55.2,14347.0,1147.0
Warrap,Tonj South,119606.0,2023,4,Emergency,65.2,14630.0,1034.0
Warrap,Tonj South,292317.0,2023,9,Emergency,70.2,14630.0,1034.0
Warrap,Tonj South,292317.0,2023,12,Crisis,35.2,14630.0,1034.0
Warrap,Tonj South,292317.0,2024,4,Crisis,40.0,29451.0,2355.0
Warrap,Tonj South,123194.0,2024,9,Crisis,49.9,29451.0,2355.0
Warrap,Tonj South,115022.0,2024,12,Crisis,25.2,29451.0,2355.0
Warrap,Tonj South,116799.0,2025,4,Crisis,35.6,14654.0,3235.0
Warrap,Twic,343414.0,2014,10,Crisis,20.1,26107.92105263158,-8538.394736842105
Warrap,Twic,348867.0,2015,1,Stressed,9.9,26107.92105263158,-8538.394736842105
Warrap,Twic,348867.0,2015,4,Stressed,10.0,26107.92105263158,-8538.394736842105
Warrap,Twic,348867.0,2015,5,Stressed,14.9,26107.92105263158,-8538.394736842105
Warrap,Twic,348867.0,2015,8,Stressed,14.9,26107.92105263158,-8538.394736842105
Warrap,Twic,348867.0,2015,10,Crisis,30.1,26107.92105263158,-8538.394736842105
Warrap,Twic,354318.0,2016,1,Stressed,10.0,26327.0,-7224.0
Warrap,Twic,354318.0,2016,4,Stressed,15.0,26327.0,-7224.0
Warrap,Twic,354318.0,2016,5,Crisis,40.1,26327.0,-7224.0
Warrap,Twic,354318.0,2016,8,Crisis,40.1,26327.0,-7224.0
Warrap,Twic,354318.0,2016,10,Crisis,35.0,26327.0,-7224.0
Warrap,Twic,359771.0,2017,1,Crisis,25.1,28550.0,-4296.0
Warrap,Twic,359771.0,2017,2,Crisis,30.0,28550.0,-4296.0
Warrap,Twic,359771.0,2017,5,Crisis,20.0,28550.0,-4296.0
Warrap,Twic,359771.0,2017,6,Stressed,18.1,28550.0,-4296.0
Warrap,Twic,413144.0,2017,9,Crisis,35.0,28550.0,-4296.0
Warrap,Twic,413144.0,2017,10,Emergency,60.0,28550.0,-4296.0
Warrap,Twic,425538.0,2018,1,Crisis,20.1,30516.0,-7783.0
Warrap,Twic,425538.0,2018,2,Crisis,50.1,30516.0,-7783.0
Warrap,Twic,425538.0,2018,5,Emergency,55.0,30516.0,-7783.0
Warrap,Twic,425538.0,2018,9,Emergency,64.9,30516.0,-7783.0
Warrap,Twic,425538.0,2018,10,Crisis,40.2,30516.0,-7783.0
Warrap,Twic,441581.0,2019,1,Stressed,15.0,5066.0,-6975.0
Warrap,Twic,262546.0,2019,8,Crisis,24.9,5066.0,-6975.0
Warrap,Twic,262546.0,2019,9,Crisis,64.8,5066.0,-6975.0
Warrap,Twic,262546.0,2020,1,Crisis,19.8,28239.0,-12696.0
Warrap,Twic,266751.0,2020,1,Crisis,30.1,28239.0,-12696.0
Warrap,Twic,262546.0,2020,2,Crisis,40.1,28239.0,-12696.0
Warrap,Twic,262546.0,2020,5,Crisis,40.0,28239.0,-12696.0
Warrap,Twic,270420.0,2022,2,Crisis,49.9,23592.0,-19836.0
Warrap,Twic,270420.0,2022,4,Emergency,65.1,23592.0,-19836.0
Warrap,Twic,270934.0,2022,10,Emergency,69.9,23592.0,-19836.0
Warrap,Twic,270934.0,2022,12,Emergency,65.0,23592.0,-19836.0
Warrap,Twic,270934.0,2023,4,Emergency,65.0,33429.0,-11302.0
Warrap,Twic,433796.0,2023,9,Emergency,74.9,33429.0,-11302.0
Warrap,Twic,433796.0,2023,12,Crisis,45.0,33429.0,-11302.0
Warrap,Twic,433796.0,2024,4,Emergency,55.1,31469.0,-8744.0
Warrap,Twic,279062.0,2024,9,Emergency,65.0,31469.0,-8744.0
Warrap,Twic,272179.0,2024,12,Crisis,45.2,31469.0,-8744.0
Warrap,Twic,276384.0,2025,4,Emergency,54.7,24092.0,-1777.0
Western Bahr El Ghazal,Jur River,198324.0,2014,10,Stressed,10.1,83849.71052631579,63899.5
Western Bahr El Ghazal,Jur River,201947.0,2015,1,Minimal,5.0,83849.71052631579,63899.5
Western Bahr El Ghazal,Jur River,201947.0,2015,4,Stressed,5.0,83849.71052631579,63899.5
Western Bahr El Ghazal,Jur River,201947.0,2015,5,Crisis,34.7,83849.71052631579,63899.5
Western Bahr El Ghazal,Jur River,201947.0,2015,8,Crisis,40.1,83849.71052631579,63899.5
Western Bahr El Ghazal,Jur River,201947.0,2015,10,Crisis,24.8,83849.71052631579,63899.5
Western Bahr El Ghazal,Jur River,205571.0,2016,1,Stressed,9.9,19395.0,-3364.0
Western Bahr El Ghazal,Jur River,205571.0,2016,4,Stressed,15.1,19395.0,-3364.0
Western Bahr El Ghazal,Jur River,205571.0,2016,5,Stressed,10.2,19395.0,-3364.0
Western Bahr El Ghazal,Jur River,205571.0,2016,8,Crisis,30.2,19395.0,-3364.0
Western Bahr El Ghazal,Jur River,205571.0,2016,10,Crisis,35.0,19395.0,-3364.0
Western Bahr El Ghazal,Jur River,209195.0,2017,1,Crisis,30.2,18526.0,-4766.0
Western Bahr El Ghazal,Jur River,209195.0,2017,2,Stressed,14.8,18526.0,-4766.0
Western Bahr El Ghazal,Jur River,209195.0,2017,5,Stressed,20.1,18526.0,-4766.0
Western Bahr El Ghazal,Jur River,209195.0,2017,6,Crisis,26.8,18526.0,-4766.0
Western Bahr El Ghazal,Jur River,153643.0,2017,9,Crisis,49.7,18526.0,-4766.0
Western Bahr El Ghazal,Jur River,153643.0,2017,10,Crisis,65.1,18526.0,-4766.0
Western Bahr El Ghazal,Jur River,158253.0,2018,1,Crisis,49.5,13187.0,-4221.0
Western Bahr El Ghazal,Jur River,158253.0,2018,2,Stressed,10.1,13187.0,-4221.0
Western Bahr El Ghazal,Jur River,158253.0,2018,5,Stressed,15.2,13187.0,-4221.0
Western Bahr El Ghazal,Jur River,158253.0,2018,9,Crisis,25.3,13187.0,-4221.0
Western Bahr El Ghazal,Jur River,158253.0,2018,10,Crisis,30.3,13187.0,-4221.0
Western Bahr El Ghazal,Jur River,164219.0,2019,1,Stressed,10.1,18529.0,-6263.0
Western Bahr El Ghazal,Jur River,273118.0,2019,8,Stressed,9.7,18529.0,-6263.0
Western Bahr El Ghazal,Jur River,273118.0,2019,9,Crisis,69.9,18529.0,-6263.0
Western Bahr El Ghazal,Jur River,273118.0,2020,1,Crisis,35.1,12333.0,-6274.0
Western Bahr El Ghazal,Jur River,275740.0,2020,1,Stressed,5.1,12333.0,-6274.0
Western Bahr El Ghazal,Jur River,273118.0,2020,2,Crisis,35.2,12333.0,-6274.0
Western Bahr El Ghazal,Jur River,273118.0,2020,5,Stressed,9.9,12333.0,-6274.0
Western Bahr El Ghazal,Jur River,283228.0,2022,2,Stressed,20.1,614643.0,625499.0
Western Bahr El Ghazal,Jur River,283228.0,2022,4,Crisis,30.0,614643.0,625499.0
Western Bahr El Ghazal,Jur River,283766.0,2022,10,Crisis,39.9,614643.0,625499.0
Western Bahr El Ghazal,Jur River,283766.0,2022,12,Crisis,45.1,614643.0,625499.0
Western Bahr El Ghazal,Jur River,283766.0,2023,4,Crisis,34.9,17034.0,-3298.0
Western Bahr El Ghazal,Jur River,245725.0,2023,9,Crisis,50.0,17034.0,-3298.0
Western Bahr El Ghazal,Jur River,245725.0,2023,12,Crisis,44.8,17034.0,-3298.0
Western Bahr El Ghazal,Jur River,245725.0,2024,4,Crisis,35.0,29910.0,2069.0
Western Bahr El Ghazal,Jur River,292279.0,2024,9,Crisis,50.1,29910.0,2069.0
Western Bahr El Ghazal,Jur River,169721.0,2024,12,Crisis,25.0,29910.0,2069.0
Western Bahr El Ghazal,Jur River,172343.0,2025,4,Stressed,14.7,40460.0,7344.0
Western Bahr El Ghazal,Raga,85983.0,2014,10,Stressed,15.1,8780.631578947368,-1332.7105263157894
Western Bahr El Ghazal,Raga,87554.0,2015,1,Minimal,0.0,8780.631578947368,-1332.7105263157894
Western Bahr El Ghazal,Raga,87554.0,2015,4,Minimal,0.0,8780.631578947368,-1332.7105263157894
Western Bahr El Ghazal,Raga,87554.0,2015,5,Crisis,40.0,8780.631578947368,-1332.7105263157894
Western Bahr El Ghazal,Raga,87554.0,2015,8,Crisis,40.0,8780.631578947368,-1332.7105263157894
Western Bahr El Ghazal,Raga,87554.0,2015,10,Crisis,20.6,8780.631578947368,-1332.7105263157894
Western Bahr El Ghazal,Raga,89125.0,2016,1,Stressed,4.6,10932.0,2252.0
Western Bahr El Ghazal,Raga,89125.0,2016,4,Stressed,10.1,10932.0,2252.0
Western Bahr El Ghazal,Raga,89125.0,2016,5,Stressed,4.5,10932.0,2252.0
Western Bahr El Ghazal,Raga,89125.0,2016,8,Stressed,5.6,10932.0,2252.0
Western Bahr El Ghazal,Raga,89125.0,2016,10,Emergency,40.4,10932.0,2252.0
Western Bahr El Ghazal,Raga,90697.0,2017,1,Crisis,30.3,6010.0,-5442.0
Western Bahr El Ghazal,Raga,90697.0,2017,2,Crisis,20.9,6010.0,-5442.0
Western Bahr El Ghazal,Raga,90697.0,2017,5,Crisis,25.4,6010.0,-5442.0
Western Bahr El Ghazal,Raga,90697.0,2017,6,Crisis,55.1,6010.0,-5442.0
Western Bahr El Ghazal,Raga,95321.0,2017,9,Emergency,70.6,6010.0,-5442.0
Western Bahr El Ghazal,Raga,95321.0,2017,10,Emergency,65.0,6010.0,-5442.0
Western Bahr El Ghazal,Raga,98181.0,2018,1,Emergency,69.2,3864.0,-5954.0
Western Bahr El Ghazal,Raga,98181.0,2018,2,Crisis,70.3,3864.0,-5954.0
Western Bahr El Ghazal,Raga,98181.0,2018,5,Emergency,75.4,3864.0,-5954.0
Western Bahr El Ghazal,Raga,98181.0,2018,9,Emergency,85.6,3864.0,-5954.0
Western Bahr El Ghazal,Raga,98181.0,2018,10,Emergency,80.5,3864.0,-5954.0
Western Bahr El Ghazal,Raga,101882.0,2019,1,Emergency,80.5,18766.0,6776.0
Western Bahr El Ghazal,Raga,58178.0,2019,8,Crisis,55.0,18766.0,6776.0
Western Bahr El Ghazal,Raga,58178.0,2019,9,Crisis,70.5,18766.0,6776.0
Western Bahr El Ghazal,Raga,58178.0,2020,1,Crisis,55.0,5369.0,-5125.0
Western Bahr El Ghazal,Raga,59293.0,2020,1,Crisis,49.8,5369.0,-5125.0
Western Bahr El Ghazal,Raga,58178.0,2020,2,Crisis,38.8,5369.0,-5125.0
Western Bahr El Ghazal,Raga,58178.0,2020,5,Crisis,60.2,5369.0,-5125.0
Western Bahr El Ghazal,Raga,59525.0,2022,2,Crisis,65.3,7542.0,-3591.0
Western Bahr El Ghazal,Raga,59525.0,2022,4,Crisis,25.2,7542.0,-3591.0
Western Bahr El Ghazal,Raga,59638.0,2022,10,Crisis,35.3,7542.0,-3591.0
Western Bahr El Ghazal,Raga,59638.0,2022,12,Crisis,45.3,7542.0,-3591.0
Western Bahr El Ghazal,Raga,59638.0,2023,4,Crisis,45.3,10155.0,-1312.0
Western Bahr El Ghazal,Raga,108343.0,2023,9,Crisis,50.3,10155.0,-1312.0
Western Bahr El Ghazal,Raga,108343.0,2023,12,Crisis,45.2,10155.0,-1312.0
Western Bahr El Ghazal,Raga,108343.0,2024,4,Crisis,35.1,13665.0,2506.0
Western Bahr El Ghazal,Raga,61427.0,2024,9,Crisis,54.5,13665.0,2506.0
Western Bahr El Ghazal,Raga,72181.0,2024,12,Crisis,55.4,13665.0,2506.0
Western Bahr El Ghazal,Raga,73296.0,2025,4,Crisis,44.3,8756.0,2429.0
Western Bahr El Ghazal,Wau,232909.0,2014,10,Stressed,8.6,27732.315789473683,-7080.394736842105
Western Bahr El Ghazal,Wau,237164.0,2015,1,Minimal,3.0,27732.315789473683,-7080.394736842105
Western Bahr El Ghazal,Wau,237164.0,2015,4,Minimal,3.0,27732.315789473683,-7080.394736842105
Western Bahr El Ghazal,Wau,237164.0,2015,5,Stressed,8.9,27732.315789473683,-7080.394736842105
Western Bahr El Ghazal,Wau,237164.0,2015,8,Stressed,20.2,27732.315789473683,-7080.394736842105
Western Bahr El Ghazal,Wau,237164.0,2015,10,Crisis,19.8,27732.315789473683,-7080.394736842105
Western Bahr El Ghazal,Wau,241419.0,2016,1,Stressed,5.1,27885.0,-1808.0
Western Bahr El Ghazal,Wau,241419.0,2016,4,Stressed,9.9,27885.0,-1808.0
Western Bahr El Ghazal,Wau,241419.0,2016,5,Emergency,64.6,27885.0,-1808.0
Western Bahr El Ghazal,Wau,241419.0,2016,8,Emergency,81.6,27885.0,-1808.0
Western Bahr El Ghazal,Wau,241419.0,2016,10,Crisis,31.5,27885.0,-1808.0
Western Bahr El Ghazal,Wau,245674.0,2017,1,Stressed,17.4,20916.0,-8780.0
Western Bahr El Ghazal,Wau,245674.0,2017,2,Crisis,33.0,20916.0,-8780.0
Western Bahr El Ghazal,Wau,245674.0,2017,5,Crisis,51.3,20916.0,-8780.0
Western Bahr El Ghazal,Wau,245674.0,2017,6,Crisis,35.0,20916.0,-8780.0
Western Bahr El Ghazal,Wau,277297.0,2017,9,Crisis,55.4,20916.0,-8780.0
Western Bahr El Ghazal,Wau,277297.0,2017,10,Emergency,80.1,20916.0,-8780.0
Western Bahr El Ghazal,Wau,285616.0,2018,1,Emergency,75.0,15647.0,-18626.0
Western Bahr El Ghazal,Wau,285616.0,2018,2,Crisis,55.0,15647.0,-18626.0
Western Bahr El Ghazal,Wau,285616.0,2018,5,Crisis,65.1,15647.0,-18626.0
Western Bahr El Ghazal,Wau,285616.0,2018,9,Emergency,71.1,15647.0,-18626.0
Western Bahr El Ghazal,Wau,285616.0,2018,10,Emergency,71.1,15647.0,-18626.0
Western Bahr El Ghazal,Wau,296384.0,2019,1,Crisis,62.0,28812.0,-10636.0
Western Bahr El Ghazal,Wau,314949.0,2019,8,Crisis,57.0,28812.0,-10636.0
Western Bahr El Ghazal,Wau,314949.0,2019,9,Crisis,64.8,28812.0,-10636.0
Western Bahr El Ghazal,Wau,314949.0,2020,1,Crisis,54.9,22935.0,-13697.0
Western Bahr El Ghazal,Wau,318054.0,2020,1,Crisis,50.2,22935.0,-13697.0
Western Bahr El Ghazal,Wau,314949.0,2020,2,Crisis,50.0,22935.0,-13697.0
Western Bahr El Ghazal,Wau,314949.0,2020,5,Crisis,54.9,22935.0,-13697.0
Western Bahr El Ghazal,Wau,320144.0,2022,2,Crisis,64.8,34372.0,-4491.0
Western Bahr El Ghazal,Wau,320144.0,2022,4,Crisis,30.0,34372.0,-4491.0
Western Bahr El Ghazal,Wau,320752.0,2022,10,Crisis,40.0,34372.0,-4491.0
Western Bahr El Ghazal,Wau,320752.0,2022,12,Crisis,34.9,34372.0,-4491.0
Western Bahr El Ghazal,Wau,320752.0,2023,4,Crisis,29.9,37492.0,-2537.0
Western Bahr El Ghazal,Wau,208486.0,2023,9,Crisis,44.9,37492.0,-2537.0
Western Bahr El Ghazal,Wau,208486.0,2023,12,Crisis,54.7,37492.0,-2537.0
Western Bahr El Ghazal,Wau,208486.0,2024,4,Crisis,30.2,22458.0,-3310.0
Western Bahr El Ghazal,Wau,330375.0,2024,9,Crisis,45.1,22458.0,-3310.0
Western Bahr El Ghazal,Wau,201001.0,2024,12,Crisis,45.1,22458.0,-3310.0
Western Bahr El Ghazal,Wau,204106.0,2025,4,Crisis,34.8,40440.0,-394.0
Western Equatoria,Ezo,102463.0,2014,10,Minimal,0.0,19471.92105263158,3369.684210526316
Western Equatoria,Ezo,104180.0,2015,1,Minimal,0.0,19471.92105263158,3369.684210526316
Western Equatoria,Ezo,104180.0,2015,4,Minimal,0.0,19471.92105263158,3369.684210526316
Western Equatoria,Ezo,104180.0,2015,5,Minimal,0.0,19471.92105263158,3369.684210526316
Western Equatoria,Ezo,104180.0,2015,8,Minimal,0.0,19471.92105263158,3369.684210526316
Western Equatoria,Ezo,104180.0,2015,10,Stressed,0.0,19471.92105263158,3369.684210526316
Western Equatoria,Ezo,105897.0,2016,1,Stressed,0.0,12970.0,-2397.0
Western Equatoria,Ezo,105897.0,2016,4,Minimal,0.0,12970.0,-2397.0
Western Equatoria,Ezo,105897.0,2016,5,Crisis,24.6,12970.0,-2397.0
Western Equatoria,Ezo,105897.0,2016,8,Crisis,24.6,12970.0,-2397.0
Western Equatoria,Ezo,105897.0,2016,10,Crisis,19.8,12970.0,-2397.0
Western Equatoria,Ezo,93503.0,2017,1,Stressed,10.4,8230.0,-8022.0
Western Equatoria,Ezo,93503.0,2017,2,Stressed,15.0,8230.0,-8022.0
Western Equatoria,Ezo,107614.0,2017,5,Crisis,44.9,8230.0,-8022.0
Western Equatoria,Ezo,107614.0,2017,6,Crisis,20.4,8230.0,-8022.0
Western Equatoria,Ezo,102351.0,2017,9,Stressed,14.9,8230.0,-8022.0
Western Equatoria,Ezo,102351.0,2017,10,Crisis,19.5,8230.0,-8022.0
Western Equatoria,Ezo,105421.0,2018,1,Crisis,24.4,11058.0,-4228.0
Western Equatoria,Ezo,105421.0,2018,2,Stressed,10.4,11058.0,-4228.0
Western Equatoria,Ezo,105421.0,2018,5,Crisis,24.7,11058.0,-4228.0
Western Equatoria,Ezo,105421.0,2018,9,Crisis,35.1,11058.0,-4228.0
Western Equatoria,Ezo,105421.0,2018,10,Crisis,55.0,11058.0,-4228.0
Western Equatoria,Ezo,109396.0,2019,1,Stressed,15.2,11390.0,-4355.0
Western Equatoria,Ezo,119490.0,2019,8,Stressed,4.6,11390.0,-4355.0
Western Equatoria,Ezo,119490.0,2019,9,Crisis,30.1,11390.0,-4355.0
Western Equatoria,Ezo,119490.0,2020,1,Stressed,10.0,17335.0,997.0
Western Equatoria,Ezo,121149.0,2020,1,Stressed,15.1,17335.0,997.0
Western Equatoria,Ezo,119490.0,2020,2,Stressed,0.0,17335.0,997.0
Western Equatoria,Ezo,119490.0,2020,5,Crisis,20.1,17335.0,997.0
Western Equatoria,Ezo,132745.0,2022,2,Stressed,5.0,27712.0,10379.0
Western Equatoria,Ezo,132745.0,2022,4,Crisis,30.1,27712.0,10379.0
Western Equatoria,Ezo,132997.0,2022,10,Crisis,35.4,27712.0,10379.0
Western Equatoria,Ezo,132997.0,2022,12,Crisis,30.1,27712.0,10379.0
Western Equatoria,Ezo,132997.0,2023,4,Stressed,15.0,30739.0,12886.0
Western Equatoria,Ezo,49341.0,2023,9,Crisis,40.6,30739.0,12886.0
Western Equatoria,Ezo,49341.0,2023,12,Stressed,4.1,30739.0,12886.0
Western Equatoria,Ezo,49341.0,2024,4,Stressed,4.1,12794.0,5425.0
Western Equatoria,Ezo,136987.0,2024,9,Stressed,10.1,12794.0,5425.0
Western Equatoria,Ezo,107409.0,2024,12,Stressed,15.3,12794.0,5425.0
Western Equatoria,Ezo,109069.0,2025,4,Stressed,14.9,43168.0,22709.0
Western Equatoria,Ibba,47808.0,2014,10,Minimal,0.0,15340.342105263158,8577.394736842105
Western Equatoria,Ibba,48681.0,2015,1,Minimal,0.0,15340.342105263158,8577.394736842105
Western Equatoria,Ibba,48681.0,2015,4,Minimal,0.0,15340.342105263158,8577.394736842105
Western Equatoria,Ibba,48681.0,2015,5,Minimal,0.0,15340.342105263158,8577.394736842105
Western Equatoria,Ibba,48681.0,2015,8,Minimal,0.0,15340.342105263158,8577.394736842105
Western Equatoria,Ibba,48681.0,2015,10,Stressed,4.1,15340.342105263158,8577.394736842105
Western Equatoria,Ibba,49555.0,2016,1,Minimal,0.0,15279.0,8320.0
Western Equatoria,Ibba,49555.0,2016,4,Minimal,0.0,15279.0,8320.0
Western Equatoria,Ibba,49555.0,2016,5,Stressed,10.1,15279.0,8320.0
Western Equatoria,Ibba,49555.0,2016,8,Stressed,10.1,15279.0,8320.0
Western Equatoria,Ibba,49555.0,2016,10,Stressed,0.0,15279.0,8320.0
Western Equatoria,Ibba,43816.0,2017,1,Minimal,0.0,13542.0,6141.0
Western Equatoria,Ibba,43816.0,2017,2,Minimal,0.0,13542.0,6141.0
Western Equatoria,Ibba,50428.0,2017,5,Minimal,0.0,13542.0,6141.0
Western Equatoria,Ibba,50428.0,2017,6,Stressed,5.9,13542.0,6141.0
Western Equatoria,Ibba,29782.0,2017,9,Stressed,0.0,13542.0,6141.0
Western Equatoria,Ibba,29782.0,2017,10,Stressed,13.4,13542.0,6141.0
Western Equatoria,Ibba,39430.0,2018,1,Stressed,6.7,8138.0,3690.0
Western Equatoria,Ibba,39430.0,2018,2,Stressed,5.1,8138.0,3690.0
Western Equatoria,Ibba,39430.0,2018,5,Stressed,10.1,8138.0,3690.0
Western Equatoria,Ibba,39430.0,2018,9,Stressed,5.1,8138.0,3690.0
Western Equatoria,Ibba,39430.0,2018,10,Crisis,76.1,8138.0,3690.0
Western Equatoria,Ibba,40916.0,2019,1,Crisis,45.7,10443.0,4554.0
Western Equatoria,Ibba,62878.0,2019,8,Stressed,14.7,10443.0,4554.0
Western Equatoria,Ibba,62878.0,2019,9,Crisis,35.0,10443.0,4554.0
Western Equatoria,Ibba,62878.0,2020,1,Stressed,14.3,12041.0,5930.0
Western Equatoria,Ibba,63737.0,2020,1,Stressed,14.3,12041.0,5930.0
Western Equatoria,Ibba,62878.0,2020,2,Stressed,9.4,12041.0,5930.0
Western Equatoria,Ibba,62878.0,2020,5,Stressed,14.3,12041.0,5930.0
Western Equatoria,Ibba,66421.0,2022,2,Stressed,9.5,16164.0,9681.0
Western Equatoria,Ibba,66421.0,2022,4,Crisis,19.6,16164.0,9681.0
Western Equatoria,Ibba,66547.0,2022,10,Stressed,15.1,16164.0,9681.0
Western Equatoria,Ibba,66547.0,2022,12,Crisis,30.1,16164.0,9681.0
Western Equatoria,Ibba,66547.0,2023,4,Stressed,10.5,17758.0,11081.0
Western Equatoria,Ibba,34992.0,2023,9,Crisis,34.6,17758.0,11081.0
Western Equatoria,Ibba,34992.0,2023,12,Stressed,14.3,17758.0,11081.0
Western Equatoria,Ibba,34992.0,2024,4,Stressed,14.3,14507.0,9281.0
Western Equatoria,Ibba,68544.0,2024,9,Crisis,20.0,14507.0,9281.0
Western Equatoria,Ibba,55615.0,2024,12,Stressed,14.6,14507.0,9281.0
Western Equatoria,Ibba,56475.0,2025,4,Stressed,14.4,28246.0,18009.0
Western Equatoria,Maridi,100252.0,2014,10,Minimal,0.0,17340.86842105263,3714.0263157894738
Western Equatoria,Maridi,102084.0,2015,1,Minimal,0.0,17340.86842105263,3714.0263157894738
Western Equatoria,Maridi,102084.0,2015,4,Minimal,0.0,17340.86842105263,3714.0263157894738
Western Equatoria,Maridi,102084.0,2015,5,Minimal,4.9,17340.86842105263,3714.0263157894738
Western Equatoria,Maridi,102084.0,2015,8,Minimal,0.0,17340.86842105263,3714.0263157894738
Western Equatoria,Maridi,102084.0,2015,10,Stressed,9.8,17340.86842105263,3714.0263157894738
Western Equatoria,Maridi,103915.0,2016,1,Minimal,0.0,16132.0,1196.0
Western Equatoria,Maridi,103915.0,2016,4,Minimal,0.0,16132.0,1196.0
Western Equatoria,Maridi,103915.0,2016,5,Stressed,14.4,16132.0,1196.0
Western Equatoria,Maridi,103915.0,2016,8,Stressed,14.4,16132.0,1196.0
Western Equatoria,Maridi,103915.0,2016,10,Minimal,4.8,16132.0,1196.0
Western Equatoria,Maridi,91881.0,2017,1,Minimal,0.0,15379.0,123.0
Western Equatoria,Maridi,91881.0,2017,2,Minimal,5.4,15379.0,123.0
Western Equatoria,Maridi,105747.0,2017,5,Minimal,6.5,15379.0,123.0
Western Equatoria,Maridi,105747.0,2017,6,Stressed,4.7,15379.0,123.0
Western Equatoria,Maridi,74338.0,2017,9,Minimal,0.0,15379.0,123.0
Western Equatoria,Maridi,74338.0,2017,10,Crisis,25.6,15379.0,123.0
Western Equatoria,Maridi,76567.0,2018,1,Stressed,9.4,11991.0,889.0
Western Equatoria,Maridi,76567.0,2018,2,Stressed,10.4,11991.0,889.0
Western Equatoria,Maridi,76567.0,2018,5,Stressed,10.4,11991.0,889.0
Western Equatoria,Maridi,76568.0,2018,9,Stressed,14.4,11991.0,889.0
Western Equatoria,Maridi,76568.0,2018,10,Crisis,24.8,11991.0,889.0
Western Equatoria,Maridi,79454.0,2019,1,Stressed,10.4,12826.0,1391.0
Western Equatoria,Maridi,92205.0,2019,8,Minimal,0.0,12826.0,1391.0
Western Equatoria,Maridi,92205.0,2019,9,Stressed,9.8,12826.0,1391.0
Western Equatoria,Maridi,92205.0,2020,1,Stressed,5.4,15357.0,3490.0
Western Equatoria,Maridi,93897.0,2020,1,Stressed,0.0,15357.0,3490.0
Western Equatoria,Maridi,92205.0,2020,2,Stressed,0.0,15357.0,3490.0
Western Equatoria,Maridi,92205.0,2020,5,Stressed,5.4,15357.0,3490.0
Western Equatoria,Maridi,110304.0,2022,2,Stressed,0.0,16821.0,4232.0
Western Equatoria,Maridi,110304.0,2022,4,Stressed,15.4,16821.0,4232.0
Western Equatoria,Maridi,110513.0,2022,10,Stressed,10.0,16821.0,4232.0
Western Equatoria,Maridi,110513.0,2022,12,Stressed,20.8,16821.0,4232.0
Western Equatoria,Maridi,110513.0,2023,4,Stressed,10.0,18505.0,5538.0
Western Equatoria,Maridi,87140.0,2023,9,Crisis,25.3,18505.0,5538.0
Western Equatoria,Maridi,87140.0,2023,12,Stressed,14.9,18505.0,5538.0
Western Equatoria,Maridi,87140.0,2024,4,Stressed,10.3,21210.0,8196.0
Western Equatoria,Maridi,113829.0,2024,9,Crisis,25.2,21210.0,8196.0
Western Equatoria,Maridi,109535.0,2024,12,Stressed,14.9,21210.0,8196.0
Western Equatoria,Maridi,111227.0,2025,4,Stressed,4.6,27119.0,10119.0
Western Equatoria,Mundri East,58872.0,2014,10,Stressed,5.1,4662.763157894737,-5638.736842105263
Western Equatoria,Mundri East,59947.0,2015,1,Minimal,0.0,4662.763157894737,-5638.736842105263
Western Equatoria,Mundri East,59947.0,2015,4,Stressed,5.0,4662.763157894737,-5638.736842105263
Western Equatoria,Mundri East,59947.0,2015,5,Stressed,10.0,4662.763157894737,-5638.736842105263
Western Equatoria,Mundri East,59947.0,2015,8,Stressed,5.0,4662.763157894737,-5638.736842105263
Western Equatoria,Mundri East,59947.0,2015,10,Crisis,20.0,4662.763157894737,-5638.736842105263
Western Equatoria,Mundri East,61023.0,2016,1,Stressed,0.0,2524.0,-5819.0
Western Equatoria,Mundri East,61023.0,2016,4,Stressed,0.0,2524.0,-5819.0
Western Equatoria,Mundri East,61023.0,2016,5,Crisis,39.3,2524.0,-5819.0
Western Equatoria,Mundri East,61023.0,2016,8,Crisis,39.3,2524.0,-5819.0
Western Equatoria,Mundri East,61023.0,2016,10,Crisis,19.7,2524.0,-5819.0
Western Equatoria,Mundri East,53955.0,2017,1,Stressed,4.9,2481.0,-6632.0
Western Equatoria,Mundri East,53955.0,2017,2,Stressed,0.0,2481.0,-6632.0
Western Equatoria,Mundri East,62098.0,2017,5,Stressed,16.7,2481.0,-6632.0
Western Equatoria,Mundri East,62098.0,2017,6,Crisis,25.8,2481.0,-6632.0
Western Equatoria,Mundri East,65704.0,2017,9,Crisis,19.3,2481.0,-6632.0
Western Equatoria,Mundri East,65704.0,2017,10,Crisis,35.0,2481.0,-6632.0
Western Equatoria,Mundri East,59104.0,2018,1,Crisis,45.7,2938.0,-6875.0
Western Equatoria,Mundri East,59104.0,2018,2,Crisis,45.7,2938.0,-6875.0
Western Equatoria,Mundri East,59104.0,2018,5,Emergency,71.1,2938.0,-6875.0
Western Equatoria,Mundri East,59104.0,2018,9,Emergency,76.1,2938.0,-6875.0
Western Equatoria,Mundri East,59104.0,2018,10,Crisis,60.9,2938.0,-6875.0
Western Equatoria,Mundri East,61332.0,2019,1,Crisis,35.5,2703.0,-6124.0
Western Equatoria,Mundri East,95873.0,2019,8,Stressed,14.7,2703.0,-6124.0
Western Equatoria,Mundri East,95873.0,2019,9,Crisis,44.9,2703.0,-6124.0
Western Equatoria,Mundri East,95873.0,2020,1,Stressed,14.6,3983.0,-5177.0
Western Equatoria,Mundri East,96865.0,2020,1,Crisis,19.8,3983.0,-5177.0
Western Equatoria,Mundri East,95873.0,2020,2,Stressed,10.3,3983.0,-5177.0
Western Equatoria,Mundri East,95873.0,2020,5,Crisis,25.0,3983.0,-5177.0
Western Equatoria,Mundri East,100085.0,2022,2,Stressed,14.6,5831.0,-3887.0
Western Equatoria,Mundri East,100085.0,2022,4,Crisis,40.0,5831.0,-3887.0
Western Equatoria,Mundri East,100275.0,2022,10,Emergency,50.0,5831.0,-3887.0
Western Equatoria,Mundri East,100275.0,2022,12,Crisis,44.9,5831.0,-3887.0
Western Equatoria,Mundri East,100275.0,2023,4,Crisis,44.9,5658.0,-4351.0
Western Equatoria,Mundri East,80190.0,2023,9,Crisis,49.9,5658.0,-4351.0
Western Equatoria,Mundri East,80190.0,2023,12,Crisis,29.9,5658.0,-4351.0
Western Equatoria,Mundri East,80190.0,2024,4,Crisis,34.9,8476.0,-3500.0
Western Equatoria,Mundri East,103283.0,2024,9,Crisis,49.9,8476.0,-3500.0
Western Equatoria,Mundri East,64182.0,2024,12,Crisis,30.0,8476.0,-3500.0
Western Equatoria,Mundri East,65173.0,2025,4,Crisis,20.3,9700.0,-5725.0
Western Equatoria,Mundri West,53559.0,2014,10,Minimal,0.0,3492.842105263158,-4686.210526315789
Western Equatoria,Mundri West,54538.0,2015,1,Minimal,0.0,3492.842105263158,-4686.210526315789
Western Equatoria,Mundri West,54538.0,2015,4,Minimal,0.0,3492.842105263158,-4686.210526315789
Western Equatoria,Mundri West,54538.0,2015,5,Minimal,5.5,3492.842105263158,-4686.210526315789
Western Equatoria,Mundri West,54538.0,2015,8,Minimal,0.0,3492.842105263158,-4686.210526315789
Western Equatoria,Mundri West,54538.0,2015,10,Stressed,9.2,3492.842105263158,-4686.210526315789
Western Equatoria,Mundri West,55516.0,2016,1,Stressed,0.0,2556.0,-5070.0
Western Equatoria,Mundri West,55516.0,2016,4,Minimal,0.0,2556.0,-5070.0
Western Equatoria,Mundri West,55516.0,2016,5,Crisis,48.6,2556.0,-5070.0
Western Equatoria,Mundri West,55516.0,2016,8,Crisis,48.6,2556.0,-5070.0
Western Equatoria,Mundri West,55516.0,2016,10,Crisis,19.8,2556.0,-5070.0
Western Equatoria,Mundri West,49088.0,2017,1,Stressed,0.0,2779.0,-5512.0
Western Equatoria,Mundri West,49088.0,2017,2,Stressed,12.2,2779.0,-5512.0
Western Equatoria,Mundri West,56496.0,2017,5,Stressed,18.3,2779.0,-5512.0
Western Equatoria,Mundri West,56496.0,2017,6,Stressed,10.6,2779.0,-5512.0
Western Equatoria,Mundri West,52739.0,2017,9,Stressed,5.3,2779.0,-5512.0
Western Equatoria,Mundri West,52739.0,2017,10,Crisis,45.5,2779.0,-5512.0
Western Equatoria,Mundri West,54321.0,2018,1,Crisis,49.3,2880.0,-4997.0
Western Equatoria,Mundri West,54321.0,2018,2,Crisis,55.2,2880.0,-4997.0
Western Equatoria,Mundri West,54321.0,2018,5,Emergency,64.4,2880.0,-4997.0
Western Equatoria,Mundri West,54321.0,2018,9,Emergency,70.0,2880.0,-4997.0
Western Equatoria,Mundri West,54321.0,2018,10,Crisis,70.0,2880.0,-4997.0
Western Equatoria,Mundri West,56369.0,2019,1,Crisis,35.0,3059.0,-5054.0
Western Equatoria,Mundri West,46760.0,2019,8,Stressed,14.2,3059.0,-5054.0
Western Equatoria,Mundri West,46760.0,2019,9,Crisis,44.9,3059.0,-5054.0
Western Equatoria,Mundri West,46760.0,2020,1,Stressed,15.0,3527.0,-4892.0
Western Equatoria,Mundri West,47457.0,2020,1,Stressed,15.0,3527.0,-4892.0
Western Equatoria,Mundri West,46760.0,2020,2,Stressed,14.8,3527.0,-4892.0
Western Equatoria,Mundri West,46760.0,2020,5,Stressed,19.2,3527.0,-4892.0
Western Equatoria,Mundri West,49669.0,2022,2,Stressed,10.7,4366.0,-4565.0
Western Equatoria,Mundri West,49669.0,2022,4,Crisis,44.3,4366.0,-4565.0
Western Equatoria,Mundri West,49763.0,2022,10,Crisis,50.3,4366.0,-4565.0
Western Equatoria,Mundri West,49763.0,2022,12,Crisis,24.1,4366.0,-4565.0
Western Equatoria,Mundri West,49763.0,2023,4,Crisis,34.2,5550.0,-3649.0
Western Equatoria,Mundri West,52386.0,2023,9,Crisis,44.2,5550.0,-3649.0
Western Equatoria,Mundri West,52386.0,2023,12,Crisis,30.5,5550.0,-3649.0
Western Equatoria,Mundri West,52386.0,2024,4,Crisis,34.4,4098.0,-3726.0
Western Equatoria,Mundri West,51256.0,2024,9,Crisis,34.4,4098.0,-3726.0
Western Equatoria,Mundri West,45130.0,2024,12,Crisis,25.4,4098.0,-3726.0
Western Equatoria,Mundri West,45827.0,2025,4,Stressed,15.5,3791.0,-3864.0
Western Equatoria,Mvolo,59484.0,2014,10,Stressed,0.0,4657.289473684211,-6883.8421052631575
Western Equatoria,Mvolo,60571.0,2015,1,Minimal,0.0,4657.289473684211,-6883.8421052631575
Western Equatoria,Mvolo,60571.0,2015,4,Stressed,5.0,4657.289473684211,-6883.8421052631575
Western Equatoria,Mvolo,60571.0,2015,5,Stressed,9.9,4657.289473684211,-6883.8421052631575
Western Equatoria,Mvolo,60571.0,2015,8,Stressed,5.0,4657.289473684211,-6883.8421052631575
Western Equatoria,Mvolo,60571.0,2015,10,Crisis,19.8,4657.289473684211,-6883.8421052631575
Western Equatoria,Mvolo,61658.0,2016,1,Stressed,0.0,3153.0,-5417.0
Western Equatoria,Mvolo,61658.0,2016,4,Stressed,0.0,3153.0,-5417.0
Western Equatoria,Mvolo,61658.0,2016,5,Crisis,24.3,3153.0,-5417.0
Western Equatoria,Mvolo,61658.0,2016,8,Crisis,24.3,3153.0,-5417.0
Western Equatoria,Mvolo,61658.0,2016,10,Stressed,9.7,3153.0,-5417.0
Western Equatoria,Mvolo,54517.0,2017,1,Minimal,0.0,3388.0,-5821.0
Western Equatoria,Mvolo,54517.0,2017,2,Minimal,0.0,3388.0,-5821.0
Western Equatoria,Mvolo,62744.0,2017,5,Stressed,0.0,3388.0,-5821.0
Western Equatoria,Mvolo,62744.0,2017,6,Stressed,14.3,3388.0,-5821.0
Western Equatoria,Mvolo,82867.0,2017,9,Crisis,20.7,3388.0,-5821.0
Western Equatoria,Mvolo,82867.0,2017,10,Emergency,70.0,3388.0,-5821.0
Western Equatoria,Mvolo,85353.0,2018,1,Crisis,54.3,2891.0,-9485.0
Western Equatoria,Mvolo,85353.0,2018,2,Crisis,39.8,2891.0,-9485.0
Western Equatoria,Mvolo,85353.0,2018,5,Emergency,75.0,2891.0,-9485.0
Western Equatoria,Mvolo,85353.0,2018,9,Emergency,80.8,2891.0,-9485.0
Western Equatoria,Mvolo,85353.0,2018,10,Emergency,70.3,2891.0,-9485.0
Western Equatoria,Mvolo,88571.0,2019,1,Crisis,50.4,2605.0,-10142.0
Western Equatoria,Mvolo,71586.0,2019,8,Crisis,54.2,2605.0,-10142.0
Western Equatoria,Mvolo,71586.0,2019,9,Crisis,29.3,2605.0,-10142.0
Western Equatoria,Mvolo,71586.0,2020,1,Stressed,15.4,5214.0,-8014.0
Western Equatoria,Mvolo,72574.0,2020,1,Stressed,15.4,5214.0,-8014.0
Western Equatoria,Mvolo,71586.0,2020,2,Stressed,9.6,5214.0,-8014.0
Western Equatoria,Mvolo,71586.0,2020,5,Stressed,15.4,5214.0,-8014.0
Western Equatoria,Mvolo,75207.0,2022,2,Crisis,19.6,5790.0,-8244.0
Western Equatoria,Mvolo,75207.0,2022,4,Crisis,30.6,5790.0,-8244.0
Western Equatoria,Mvolo,75350.0,2022,10,Emergency,54.5,5790.0,-8244.0
Western Equatoria,Mvolo,75350.0,2022,12,Crisis,49.1,5790.0,-8244.0
Western Equatoria,Mvolo,75350.0,2023,4,Crisis,35.8,5982.0,-8473.0
Western Equatoria,Mvolo,65339.0,2023,9,Crisis,54.4,5982.0,-8473.0
Western Equatoria,Mvolo,65339.0,2023,12,Crisis,39.8,5982.0,-8473.0
Western Equatoria,Mvolo,65339.0,2024,4,Crisis,55.1,5210.0,-4548.0
Western Equatoria,Mvolo,77611.0,2024,9,Crisis,59.7,5210.0,-4548.0
Western Equatoria,Mvolo,63937.0,2024,12,Crisis,39.9,5210.0,-4548.0
Western Equatoria,Mvolo,64925.0,2025,4,Crisis,29.7,7818.0,-3773.0
Western Equatoria,Nagero,15505.0,2014,10,Minimal,0.0,2236.6315789473683,-938.3157894736842
Western Equatoria,Nagero,15787.0,2015,1,Minimal,0.0,2236.6315789473683,-938.3157894736842
Western Equatoria,Nagero,15787.0,2015,4,Minimal,0.0,2236.6315789473683,-938.3157894736842
Western Equatoria,Nagero,15787.0,2015,5,Stressed,0.0,2236.6315789473683,-938.3157894736842
Western Equatoria,Nagero,15787.0,2015,8,Stressed,0.0,2236.6315789473683,-938.3157894736842
Western Equatoria,Nagero,15787.0,2015,10,Crisis,19.0,2236.6315789473683,-938.3157894736842
Western Equatoria,Nagero,16071.0,2016,1,Stressed,0.0,1524.0,-164.0
Western Equatoria,Nagero,16071.0,2016,4,Stressed,0.0,1524.0,-164.0
Western Equatoria,Nagero,16071.0,2016,5,Crisis,18.7,1524.0,-164.0
Western Equatoria,Nagero,16071.0,2016,8,Crisis,18.7,1524.0,-164.0
Western Equatoria,Nagero,16071.0,2016,10,Crisis,18.7,1524.0,-164.0
Western Equatoria,Nagero,14209.0,2017,1,Stressed,12.4,1684.0,-715.0
Western Equatoria,Nagero,14209.0,2017,2,Stressed,0.0,1684.0,-715.0
Western Equatoria,Nagero,16354.0,2017,5,Stressed,7.0,1684.0,-715.0
Western Equatoria,Nagero,16354.0,2017,6,Stressed,12.2,1684.0,-715.0
Western Equatoria,Nagero,10689.0,2017,9,Stressed,12.2,1684.0,-715.0
Western Equatoria,Nagero,10689.0,2017,10,Crisis,18.7,1684.0,-715.0
Western Equatoria,Nagero,12795.0,2018,1,Stressed,0.0,1121.0,-475.0
Western Equatoria,Nagero,12795.0,2018,2,Stressed,7.8,1121.0,-475.0
Western Equatoria,Nagero,12795.0,2018,5,Stressed,15.6,1121.0,-475.0
Western Equatoria,Nagero,14334.0,2018,9,Stressed,15.6,1121.0,-475.0
Western Equatoria,Nagero,14334.0,2018,10,Emergency,69.8,1121.0,-475.0
Western Equatoria,Nagero,14875.0,2019,1,Crisis,41.9,1246.0,-665.0
Western Equatoria,Nagero,22072.0,2019,8,Crisis,26.9,1246.0,-665.0
Western Equatoria,Nagero,22072.0,2019,9,Crisis,27.2,1246.0,-665.0
Western Equatoria,Nagero,22072.0,2020,1,Crisis,22.7,1580.0,-642.0
Western Equatoria,Nagero,22278.0,2020,1,Crisis,36.2,1580.0,-642.0
Western Equatoria,Nagero,22072.0,2020,2,Stressed,9.0,1580.0,-642.0
Western Equatoria,Nagero,22072.0,2020,5,Crisis,40.8,1580.0,-642.0
Western Equatoria,Nagero,38755.0,2022,2,Crisis,45.3,1300.0,-1057.0
Western Equatoria,Nagero,38755.0,2022,4,Emergency,61.9,1300.0,-1057.0
Western Equatoria,Nagero,61561.0,2022,10,Emergency,69.7,1300.0,-1057.0
Western Equatoria,Nagero,61561.0,2022,12,Crisis,39.0,1300.0,-1057.0
Western Equatoria,Nagero,61561.0,2023,4,Crisis,24.4,1411.0,-1017.0
Western Equatoria,Nagero,26738.0,2023,9,Crisis,55.2,1411.0,-1017.0
Western Equatoria,Nagero,26738.0,2023,12,Crisis,37.4,1411.0,-1017.0
Western Equatoria,Nagero,26738.0,2024,4,Crisis,56.1,3017.0,-976.0
Western Equatoria,Nagero,61561.0,2024,9,Crisis,59.8,3017.0,-976.0
Western Equatoria,Nagero,13385.0,2024,12,Crisis,39.0,3017.0,-976.0
Western Equatoria,Nagero,13592.0,2025,4,Crisis,29.9,7159.0,-2035.0
Western Equatoria,Nzara,73802.0,2014,10,Minimal,0.0,27914.18421052632,17582.026315789473
Western Equatoria,Nzara,75151.0,2015,1,Minimal,0.0,27914.18421052632,17582.026315789473
Western Equatoria,Nzara,75151.0,2015,4,Minimal,0.0,27914.18421052632,17582.026315789473
Western Equatoria,Nzara,75151.0,2015,5,Minimal,0.0,27914.18421052632,17582.026315789473
Western Equatoria,Nzara,75151.0,2015,8,Minimal,0.0,27914.18421052632,17582.026315789473
Western Equatoria,Nzara,75151.0,2015,10,Stressed,0.0,27914.18421052632,17582.026315789473
Western Equatoria,Nzara,76499.0,2016,1,Minimal,0.0,25767.0,14786.0
Western Equatoria,Nzara,76499.0,2016,4,Minimal,0.0,25767.0,14786.0
Western Equatoria,Nzara,76499.0,2016,5,Crisis,19.6,25767.0,14786.0
Western Equatoria,Nzara,76499.0,2016,8,Stressed,14.4,25767.0,14786.0
Western Equatoria,Nzara,76499.0,2016,10,Minimal,0.0,25767.0,14786.0
Western Equatoria,Nzara,67640.0,2017,1,Minimal,0.0,22129.0,10704.0
Western Equatoria,Nzara,67640.0,2017,2,Minimal,0.0,22129.0,10704.0
Western Equatoria,Nzara,77848.0,2017,5,Stressed,0.0,22129.0,10704.0
Western Equatoria,Nzara,77848.0,2017,6,Stressed,0.0,22129.0,10704.0
Western Equatoria,Nzara,54467.0,2017,9,Stressed,0.0,22129.0,10704.0
Western Equatoria,Nzara,54467.0,2017,10,Crisis,25.7,22129.0,10704.0
Western Equatoria,Nzara,59255.0,2018,1,Stressed,14.7,20604.0,12469.0
Western Equatoria,Nzara,59255.0,2018,2,Stressed,10.1,20604.0,12469.0
Western Equatoria,Nzara,59255.0,2018,5,Stressed,10.1,20604.0,12469.0
Western Equatoria,Nzara,59255.0,2018,9,Stressed,15.2,20604.0,12469.0
Western Equatoria,Nzara,59255.0,2018,10,Stressed,5.1,20604.0,12469.0
Western Equatoria,Nzara,61489.0,2019,1,Stressed,5.1,19513.0,10663.0
Western Equatoria,Nzara,81075.0,2019,8,Minimal,0.0,19513.0,10663.0
Western Equatoria,Nzara,81075.0,2019,9,Crisis,29.6,19513.0,10663.0
Western Equatoria,Nzara,81075.0,2020,1,Stressed,14.8,24714.0,15531.0
Western Equatoria,Nzara,82423.0,2020,1,Stressed,9.9,24714.0,15531.0
Western Equatoria,Nzara,81075.0,2020,2,Stressed,9.7,24714.0,15531.0
Western Equatoria,Nzara,81075.0,2020,5,Stressed,14.8,24714.0,15531.0
Western Equatoria,Nzara,83600.0,2022,2,Stressed,4.9,27954.0,18211.0
Western Equatoria,Nzara,83600.0,2022,4,Stressed,14.4,27954.0,18211.0
Western Equatoria,Nzara,83759.0,2022,10,Stressed,9.6,27954.0,18211.0
Western Equatoria,Nzara,83759.0,2022,12,Minimal,4.8,27954.0,18211.0
Western Equatoria,Nzara,83759.0,2023,4,Minimal,4.8,31154.0,21119.0
Western Equatoria,Nzara,69044.0,2023,9,Stressed,9.6,31154.0,21119.0
Western Equatoria,Nzara,69044.0,2023,12,Stressed,0.0,31154.0,21119.0
Western Equatoria,Nzara,69044.0,2024,4,Stressed,0.0,34012.0,23700.0
Western Equatoria,Nzara,86272.0,2024,9,Stressed,0.0,34012.0,23700.0
Western Equatoria,Nzara,87287.0,2024,12,Stressed,10.4,34012.0,23700.0
Western Equatoria,Nzara,88635.0,2025,4,Stressed,4.6,44735.0,31850.0
Western Equatoria,Tambura,72235.0,2014,10,Minimal,0.0,19918.42105263158,7802.342105263157
Western Equatoria,Tambura,73555.0,2015,1,Minimal,0.0,19918.42105263158,7802.342105263157
Western Equatoria,Tambura,73555.0,2015,4,Minimal,0.0,19918.42105263158,7802.342105263157
Western Equatoria,Tambura,73555.0,2015,5,Minimal,0.0,19918.42105263158,7802.342105263157
Western Equatoria,Tambura,73555.0,2015,8,Minimal,0.0,19918.42105263158,7802.342105263157
Western Equatoria,Tambura,73555.0,2015,10,Stressed,5.4,19918.42105263158,7802.342105263157
Western Equatoria,Tambura,74874.0,2016,1,Minimal,0.0,22170.0,11664.0
Western Equatoria,Tambura,74874.0,2016,4,Minimal,0.0,22170.0,11664.0
Western Equatoria,Tambura,74874.0,2016,5,Stressed,14.7,22170.0,11664.0
Western Equatoria,Tambura,74874.0,2016,8,Stressed,14.7,22170.0,11664.0
Western Equatoria,Tambura,74874.0,2016,10,Stressed,9.3,22170.0,11664.0
Western Equatoria,Tambura,66203.0,2017,1,Minimal,0.0,24130.0,12695.0
Western Equatoria,Tambura,66203.0,2017,2,Minimal,7.6,24130.0,12695.0
Western Equatoria,Tambura,76194.0,2017,5,Stressed,10.6,24130.0,12695.0
Western Equatoria,Tambura,76194.0,2017,6,Stressed,15.7,24130.0,12695.0
Western Equatoria,Tambura,72161.0,2017,9,Stressed,5.2,24130.0,12695.0
Western Equatoria,Tambura,72161.0,2017,10,Stressed,15.2,24130.0,12695.0
Western Equatoria,Tambura,74326.0,2018,1,Stressed,9.7,24492.0,13715.0
Western Equatoria,Tambura,74326.0,2018,2,Stressed,9.4,24492.0,13715.0
Western Equatoria,Tambura,74326.0,2018,5,Stressed,14.8,24492.0,13715.0
Western Equatoria,Tambura,74326.0,2018,9,Stressed,14.8,24492.0,13715.0
Western Equatoria,Tambura,74326.0,2018,10,Stressed,9.4,24492.0,13715.0
Western Equatoria,Tambura,77128.0,2019,1,Stressed,5.4,25098.0,13997.0
Western Equatoria,Tambura,110431.0,2019,8,Minimal,5.2,25098.0,13997.0
Western Equatoria,Tambura,110431.0,2019,9,Stressed,15.4,25098.0,13997.0
Western Equatoria,Tambura,110431.0,2020,1,Stressed,5.4,30051.0,18532.0
Western Equatoria,Tambura,111567.0,2020,1,Stressed,15.4,30051.0,18532.0
Western Equatoria,Tambura,110431.0,2020,2,Stressed,5.4,30051.0,18532.0
Western Equatoria,Tambura,110431.0,2020,5,Crisis,25.4,30051.0,18532.0
Western Equatoria,Tambura,119107.0,2022,2,Stressed,5.4,8817.0,-3404.0
Western Equatoria,Tambura,119107.0,2022,4,Emergency,85.6,8817.0,-3404.0
Western Equatoria,Tambura,119333.0,2022,10,Emergency,90.7,8817.0,-3404.0
Western Equatoria,Tambura,119333.0,2022,12,Crisis,40.2,8817.0,-3404.0
Western Equatoria,Tambura,119333.0,2023,4,Crisis,30.2,13622.0,1035.0
Western Equatoria,Tambura,59089.0,2023,9,Crisis,65.4,13622.0,1035.0
Western Equatoria,Tambura,59089.0,2023,12,Stressed,15.2,13622.0,1035.0
Western Equatoria,Tambura,59089.0,2024,4,Stressed,10.2,14189.0,5364.0
Western Equatoria,Tambura,122913.0,2024,9,Crisis,20.3,14189.0,5364.0
Western Equatoria,Tambura,73542.0,2024,12,Crisis,30.1,14189.0,5364.0
Western Equatoria,Tambura,74679.0,2025,4,Crisis,20.4,13835.0,-4522.0
Western Equatoria,Yambio,186590.0,2014,10,Minimal,0.0,34602.47368421053,5823.0
Western Equatoria,Yambio,189998.0,2015,1,Minimal,0.0,34602.47368421053,5823.0
Western Equatoria,Yambio,189998.0,2015,4,Minimal,0.0,34602.47368421053,5823.0
Western Equatoria,Yambio,189998.0,2015,5,Minimal,3.7,34602.47368421053,5823.0
Western Equatoria,Yambio,189998.0,2015,8,Minimal,0.0,34602.47368421053,5823.0
Western Equatoria,Yambio,189998.0,2015,10,Stressed,0.0,34602.47368421053,5823.0
Western Equatoria,Yambio,193408.0,2016,1,Minimal,0.0,34483.0,6161.0
Western Equatoria,Yambio,193408.0,2016,4,Minimal,0.0,34483.0,6161.0
Western Equatoria,Yambio,193408.0,2016,5,Stressed,15.0,34483.0,6161.0
Western Equatoria,Yambio,193408.0,2016,8,Stressed,15.0,34483.0,6161.0
Western Equatoria,Yambio,193408.0,2016,10,Crisis,20.2,34483.0,6161.0
Western Equatoria,Yambio,171009.0,2017,1,Stressed,7.8,23194.0,-7580.0
Western Equatoria,Yambio,171009.0,2017,2,Stressed,15.2,23194.0,-7580.0
Western Equatoria,Yambio,196817.0,2017,5,Stressed,15.2,23194.0,-7580.0
Western Equatoria,Yambio,196817.0,2017,6,Crisis,30.0,23194.0,-7580.0
Western Equatoria,Yambio,188242.0,2017,9,Crisis,30.0,23194.0,-7580.0
Western Equatoria,Yambio,188242.0,2017,10,Stressed,14.9,23194.0,-7580.0
Western Equatoria,Yambio,193890.0,2018,1,Stressed,10.1,24205.0,-3909.0
Western Equatoria,Yambio,193890.0,2018,2,Crisis,20.1,24205.0,-3909.0
Western Equatoria,Yambio,193890.0,2018,5,Crisis,29.9,24205.0,-3909.0
Western Equatoria,Yambio,193890.0,2018,9,Crisis,24.8,24205.0,-3909.0
Western Equatoria,Yambio,193890.0,2018,10,Crisis,40.2,24205.0,-3909.0
Western Equatoria,Yambio,201199.0,2019,1,Stressed,15.0,25183.0,-3774.0
Western Equatoria,Yambio,158961.0,2019,8,Stressed,9.9,25183.0,-3774.0
Western Equatoria,Yambio,158961.0,2019,9,Crisis,40.3,25183.0,-3774.0
Western Equatoria,Yambio,158961.0,2020,1,Stressed,15.1,35460.0,5411.0
Western Equatoria,Yambio,162086.0,2020,1,Crisis,20.1,35460.0,5411.0
Western Equatoria,Yambio,158961.0,2020,2,Stressed,14.8,35460.0,5411.0
Western Equatoria,Yambio,158961.0,2020,5,Crisis,20.1,35460.0,5411.0
Western Equatoria,Yambio,168538.0,2022,2,Stressed,10.1,43608.0,11729.0
Western Equatoria,Yambio,168538.0,2022,4,Crisis,24.9,43608.0,11729.0
Western Equatoria,Yambio,168858.0,2022,10,Crisis,30.3,43608.0,11729.0
Western Equatoria,Yambio,168858.0,2022,12,Stressed,14.8,43608.0,11729.0
Western Equatoria,Yambio,168858.0,2023,4,Stressed,14.8,47563.0,14728.0
Western Equatoria,Yambio,138976.0,2023,9,Crisis,24.9,47563.0,14728.0
Western Equatoria,Yambio,138976.0,2023,12,Stressed,10.1,47563.0,14728.0
Western Equatoria,Yambio,138976.0,2024,4,Stressed,5.0,33086.0,12330.0
Western Equatoria,Yambio,173924.0,2024,9,Stressed,10.1,33086.0,12330.0
Western Equatoria,Yambio,202246.0,2024,12,Stressed,14.9,33086.0,12330.0
Western Equatoria,Yambio,205370.0,2025,4,Stressed,9.9,47302.0,21326.0
